id,domain,status,purchase_price,renewal_price,attractiveness,demand,length,registrar,created_at,expires_at,status_verified_at
fb341aed-6b1b-476f-b6e5-968068341aea,prepared.place,available,22.49,22.49,high,low,8,namesilo,,,24/09/2026 11:20
ee959b79-b9fe-4213-b5a5-b9c68fff5cee,diverting.place,available,22.49,22.49,medium,low,9,namesilo,,,
6f368e39-f587-4c83-a38f-ccc7d067afb1,superstar.place,available,22.98,30.98,high,low,9,namecheap,,,21/09/2026 17:56
a6259935-aec4-4934-b6d4-882845822bbd,notebooks.place,available,22.49,22.49,medium,low,9,namesilo,,,20/09/2026 11:51
48084faf-f3ba-446e-a97f-5efed4198b5b,funky.place,available,22.49,22.49,high,low,5,namesilo,,,18/08/2026 02:27
d2f80edd-3eec-4ae6-ac59-45526bda4900,bitok.place,available,22.49,22.49,medium,low,5,namesilo,,,23/09/2026 22:40
ce4af783-18ce-48ca-a8d3-de89346031a4,unrealised.place,available,22.49,22.49,medium,low,10,namesilo,,,12/09/2026 11:02
d66769cf-b1d0-4716-b97b-0f8d151e1aaa,heyday.place,available,22.49,22.49,high,low,6,namesilo,,,18/08/2026 09:24
02c4b428-022e-4890-9abd-37879ef58ea6,compton.place,available,22.49,22.49,high,low,7,namesilo,,,20/09/2026 10:47
63518505-1ae3-4183-97d6-253aee1cf49e,bawdyhouse.place,available,22.98,30.98,medium,low,10,namecheap,,,21/09/2026 18:21
19d0cfb9-35ac-4bba-8cfc-cc706f4d06c2,breasted.place,available,22.49,22.49,medium,low,8,namesilo,,,11/08/2026 03:12
5c525bfc-59e6-42dd-b1b1-655a3bb80ce5,stanley.place,available,22.98,30.98,high,low,7,namecheap,,,25/09/2026 06:08
072b1916-054c-4dd5-840f-ff5bb04b361f,frontward.place,available,22.49,22.49,medium,low,9,namesilo,,,18/08/2026 12:50
320e53f9-06e7-4f66-9ab0-a72c187c3f3b,impression.place,available,22.49,22.49,high,low,10,namesilo,,,
9732bd66-c8fe-4c7f-88ca-1d9d34191630,arame.place,available,22.49,22.49,medium,low,5,namesilo,,,19/09/2026 23:56
2942cce1-e1f3-4bbf-a870-3b451515f53f,mincing.place,available,25.99,27.99,high,low,7,name.com,,,13/08/2026 15:43
6bf976e3-1098-40e6-ad55-0fd97aac1b68,malar.place,available,22.49,22.49,medium,low,5,namesilo,,,13/09/2026 15:43
6ef8bebd-eddd-4235-8664-47c6ed8b098c,inbound.place,available,22.49,22.49,high,low,7,namesilo,,,22/08/2026 00:41
59059d3b-6812-4be6-8837-93bdb1f54fdb,idyll.place,available,22.49,22.49,high,low,5,namesilo,,,08/09/2026 10:11
cc783e31-2b02-4660-8064-550070a628b9,darnel.place,available,22.98,30.98,medium,low,6,namecheap,,,22/09/2026 21:10
48065601-0b63-4043-9434-ca40a3adc3a3,bridges.place,available,25.99,,high,low,7,name.com,,,
10fd1cbe-73e9-494b-8ed3-ef7566d1f4b1,terminally.place,available,22.49,22.49,medium,low,10,namesilo,,,16/09/2026 08:25
ed85ab92-db8f-49e2-a0ad-e8195db2dc81,hits.place,available,22.49,22.49,high,low,4,namesilo,,,19/09/2026 23:53
7377b632-0500-416e-ba49-c57c027b1bfa,biometrics.place,available,22.98,30.98,high,low,10,namecheap,,,23/09/2026 18:33
a21261b5-7bb0-4f4f-8c2e-9b5f04db8850,cometic.place,available,22.98,30.98,medium,low,7,namecheap,,,12/08/2026 18:58
16a372e0-a3d1-4073-90b9-5304cc08d61d,antabuse.place,available,22.98,30.98,medium,low,8,namecheap,,,19/09/2026 12:24
26a655fa-89ed-402f-a60c-44247dbb3154,prochoice.place,available,22.49,22.49,high,low,10,namesilo,,,27/09/2026 06:48
18951b97-b74b-4870-9887-3ef57991ba27,teresa.place,available,22.98,30.98,high,low,6,namecheap,,,17/09/2026 18:40
e1783254-f172-418f-8e73-6b092e1b28ba,thou.place,available,22.98,30.98,high,low,4,namecheap,,,21/09/2026 11:11
ab9e5346-3689-499c-953f-cb7ce0e3e410,hours.place,available,22.49,22.49,high,low,5,namesilo,,,
23aaf103-7f0c-4112-bbdb-0cbef36c1f77,hoagie.place,available,22.98,30.98,high,low,6,namecheap,,,24/09/2026 20:04
b6fd04a3-b62b-4969-839f-d3d93848c977,continuing.place,available,22.49,22.49,high,low,10,namesilo,,,23/09/2026 22:17
a3f7284a-d9ac-4cfc-95a1-0eb29fefa9a9,bumpkin.place,available,22.49,22.49,medium,low,7,namesilo,,,21/08/2026 08:07
0a2cc797-c3f8-4755-a5a3-60756ad2b79b,phillip.place,available,22.49,22.49,high,low,7,namesilo,,,17/09/2026 13:24
1f13e573-7981-4e5f-8108-e596ad66970e,measure.place,available,22.49,22.49,high,low,7,namesilo,,,
47616532-2e23-44aa-aa09-b2349bb44371,dandyish.place,available,25.99,27.99,medium,low,8,name.com,,,13/08/2026 17:03
57fb366d-50de-487d-ad1c-7dfe40a30a5e,blackburn.place,available,22.49,22.49,high,low,9,namesilo,,,24/09/2026 02:11
633ffd3c-f517-4040-a9d8-4cdeac3e3341,assyrian.place,premium,78.54,78.54,high,low,8,namesilo,,,20/09/2026 16:49
81d187b6-d493-479f-8226-09235458deee,blazing.place,available,22.49,22.49,high,low,7,namesilo,,,10/08/2026 13:33
d49ed4d5-98ff-41f0-8654-ce50524c8239,competing.place,available,22.49,22.49,high,low,9,namesilo,,,
749bba9b-a05b-4aa8-9768-2c3c56cca0a1,fidgety.place,available,22.49,22.49,medium,low,7,namesilo,,,05/08/2026 20:32
1e363665-4feb-43f3-b772-8a09c820b86f,aflame.place,available,22.49,22.49,high,low,6,namesilo,,,
b1022edd-346b-4871-a9fb-1be1db1cd0b8,taught.place,available,22.49,22.49,medium,low,6,namesilo,,,27/09/2026 02:04
a33e9f74-a216-4e5b-80b7-6558b6ad2b8c,minder.place,available,22.98,30.98,medium,low,6,namecheap,,,21/09/2026 13:29
cdd9cc3c-cd4b-45ac-a388-a6458cad4aa7,splurge.place,available,22.49,22.49,high,low,7,namesilo,,,23/09/2026 17:20
c6e93c97-9f25-47fb-ac5c-8d0e168e7c2d,verdin.place,available,25.99,27.99,medium,low,6,name.com,,,21/09/2026 04:27
c7832395-6e26-444c-adaf-005e0d01c109,encamp.place,available,22.49,22.49,high,low,6,namesilo,,,11/08/2026 15:56
6ddbe87a-3c8f-4f21-9482-e832beb93e74,objective.place,available,22.49,22.49,high,low,9,namesilo,,,03/09/2026 20:47
daeeb533-0595-403b-bc6f-c6c5b0ab98cd,unvoiced.place,available,22.49,22.49,medium,low,8,namesilo,,,11/09/2026 03:39
705058da-5501-40a5-81f4-1b66aa7499d1,buried.place,available,22.49,22.49,medium,low,6,namesilo,,,23/09/2026 11:29
c4049a07-34aa-4fe8-9572-9cac1333f387,pocketable.place,available,22.49,22.49,medium,low,10,namesilo,,,08/09/2026 22:20
447f7dff-18d7-4c94-bed1-ee8b211b0591,yogi.place,available,22.49,22.49,high,low,4,namesilo,,,23/09/2026 10:04
fcf7c6a4-d95f-4f20-822d-f6392f0cad6b,riyadh.place,available,22.49,22.49,high,low,6,namesilo,,,
6e80b629-ebb5-4c90-9eba-ef34b789bed7,boned.place,available,22.49,22.49,high,low,5,namesilo,,,10/08/2026 18:34
cf817002-b7db-42e6-8d53-3f0afcf35b10,suave.place,available,22.98,30.98,high,low,5,namecheap,,,13/08/2026 20:48
a6354335-3a1c-4977-b193-7673daa2fedd,whore.place,available,25.99,27.99,high,low,5,name.com,,,13/08/2026 14:16
d0b1290d-35f6-4609-a092-5f0d7e12ce9b,geniality.place,available,22.49,22.49,high,low,9,namesilo,,,17/09/2026 14:00
42968ec3-1580-4647-9c2a-f189255ec28f,booklet.place,available,22.49,22.49,high,low,7,namesilo,,,24/09/2026 07:06
eeed6a15-5384-422b-ae5a-fac6affa4cfb,acoustics.place,available,22.49,22.49,high,low,9,namesilo,,,17/09/2026 02:36
3bef4afc-b027-4c0b-8017-51c5221f5de9,mushy.place,available,22.49,22.49,medium,low,5,namesilo,,,09/08/2026 00:58
790dc266-c78f-4b29-9fe9-d0b4629fe572,oozing.place,available,22.49,22.49,medium,low,6,namesilo,,,04/09/2026 15:28
e65dabcd-c17f-496d-8abc-bcb883257145,senile.place,available,22.49,22.49,medium,low,6,namesilo,,,14/08/2026 14:36
dcc370d9-bd70-452c-8046-ffc704d65378,program.place,available,22.49,22.49,high,low,7,namesilo,,,24/09/2026 17:00
0a71c804-0b83-4868-bce7-b10c04de226e,clergy.place,available,22.49,22.49,high,low,6,namesilo,,,
34b51541-b756-4c4d-b9d0-8d212aafb665,blighted.place,available,22.49,22.49,medium,low,8,namesilo,,,10/08/2026 14:17
7905eb8e-817a-4c70-b765-9ed7ec75b13b,usance.place,available,22.98,30.98,high,low,6,namecheap,,,13/08/2026 12:25
ab528614-f510-402d-9f28-963649671cfa,wilkes.place,available,22.49,22.49,medium,low,6,namesilo,,,27/09/2026 12:29
22f9dd59-62ad-48a8-98a9-2565601afd07,flipped.place,available,22.49,22.49,medium,low,7,namesilo,,,18/09/2026 12:06
47fa4daa-e941-4787-8e50-2c30ddf9db93,desperate.place,available,22.49,22.49,high,low,9,namesilo,,,14/08/2026 03:58
af5808e3-f739-4d37-9d95-45ddcf6e4c20,follower.place,available,22.49,22.49,high,low,8,namesilo,,,
4d06ef09-abda-4002-91d0-a7c4ec603557,tardy.place,available,22.49,22.49,medium,low,5,namesilo,,,09/08/2026 12:42
1fe8dbf5-1e80-4829-b5a8-5ce9cae430a9,habilitate.place,available,22.98,30.98,medium,low,10,namecheap,,,19/09/2026 20:06
782568d5-0a87-4956-bee2-f2af15686f2c,bolts.place,available,22.98,30.98,medium,low,5,namecheap,,,18/09/2026 04:01
35186459-db68-4543-946f-b276bdcab334,airhead.place,available,22.49,22.49,high,low,7,namesilo,,,17/09/2026 23:11
1b3f19d1-467e-49f1-90ec-09c01deeb69f,bicyclist.place,available,22.49,22.49,high,low,9,namesilo,,,23/09/2026 13:22
512534e9-1f7f-4dd4-82da-42d21b157996,concealed.place,available,22.98,30.98,high,low,9,namecheap,,,23/09/2026 18:33
d547b168-aafa-449e-8e84-47cd0f2b4c31,ive.place,available,22.49,22.49,medium,low,3,namesilo,,,
6c089aad-83cd-4318-bef8-cd7018b27c59,epidermic.place,available,25.99,27.99,medium,low,9,name.com,,,13/08/2026 13:09
a13855f8-d445-4c7a-8397-91d4c44db627,arrested.place,available,22.98,30.98,high,low,8,namecheap,,,17/09/2026 20:22
f712b4c8-9471-44dc-a11b-e99dfa96ce20,flaunt.place,available,22.49,22.49,high,low,6,namesilo,,,11/09/2026 05:17
0c3b464d-2487-47f9-8c43-2ada57cf2975,vandyke.place,available,22.49,22.49,medium,low,7,namesilo,,,19/09/2026 13:44
46078dfb-03b0-431d-a5cd-e827d7db5fff,verily.place,available,22.98,30.98,medium,low,6,namecheap,,,16/09/2026 10:51
fda81042-2677-4bc5-b648-6f8379f0e920,baklava.place,available,22.98,30.98,high,low,7,namecheap,,,21/09/2026 20:21
ac4149b6-3453-472a-b063-23b0757ec515,apeldoorn.place,available,22.98,30.98,medium,low,9,namecheap,,,19/09/2026 16:24
7b7dd904-e1a3-496f-b3af-1d2ada71ba5f,jumentous.place,available,22.49,22.49,low,low,9,namesilo,,,22/08/2026 14:21
f7d5f4fc-749e-481c-a76e-9d00e167198d,agee.place,available,22.98,30.98,medium,low,4,namecheap,,,17/09/2026 16:52
0ea5a1a5-687f-4903-bda3-beab19d6345f,nonfinite.place,available,22.98,30.98,medium,low,10,namecheap,,,03/09/2026 18:26
2fbcd17d-c9e3-4804-9062-ea32c74da0f4,chimeric.place,available,22.49,22.49,medium,low,8,namesilo,,,12/08/2026 05:37
350c52ab-dca5-42c9-aeea-80bb9b681ccb,mortimer.place,available,22.49,22.49,medium,low,8,namesilo,,,25/09/2026 23:45
54781900-66f8-468b-9e0f-87afe8a987c6,gassy.place,available,22.49,22.49,medium,low,5,namesilo,,,12/08/2026 16:36
394f609e-6ee6-423f-8552-8e477b277d23,elongated.place,available,22.49,22.49,medium,low,9,namesilo,,,16/08/2026 05:26
1283c0c0-63a9-46f6-8557-1fc08ae9a15c,bioassay.place,available,22.49,22.49,medium,low,8,namesilo,,,23/09/2026 17:38
d7b66875-24ea-47c1-bda2-40863d3b0aca,farcical.place,available,22.49,22.49,medium,low,8,namesilo,,,17/08/2026 22:30
f367844e-2c78-4347-acd7-19b8521e6cb1,uncultured.place,available,22.49,22.49,medium,low,10,namesilo,,,12/09/2026 06:38
6dada787-5ee0-41a3-8739-d1cb3b2681bb,misdirect.place,available,22.49,22.49,medium,low,9,namesilo,,,13/08/2026 02:26
f7f8facf-3074-4b98-93ff-def525339078,bhaga.place,available,22.49,22.49,medium,low,5,namesilo,,,23/09/2026 12:29
937cc0d9-c4da-4888-abe2-90ecbcfd42d6,anytime.place,available,22.49,22.49,high,low,7,namesilo,,,
dc293d5a-0f19-465f-9339-8d229d6b6a36,partly.place,available,22.98,30.98,medium,low,6,namecheap,,,15/09/2026 19:01
8adbdfe1-3f2f-437c-b811-bc7ae1ccc5fe,motorcycle.place,available,22.98,30.98,high,low,10,namecheap,,,23/09/2026 15:33
8823650c-39fc-4d4b-9d1f-8474f22d30b6,profundity.place,available,22.98,30.98,medium,low,10,namecheap,,,16/09/2026 18:38
3c778bf7-6475-40e3-9ea2-41bf469db0a8,xci.place,available,22.98,30.98,medium,low,3,namecheap,,,
ac3e0194-e818-4698-a208-089867e13f20,carribean.place,available,22.49,22.49,high,low,9,namesilo,,,
c1aec30a-b714-4047-a318-2ad9ad019265,rarest.place,available,22.49,22.49,medium,low,6,namesilo,,,20/09/2026 08:14
15b79e50-cd16-451b-b8ef-1e2e763be940,lapidary.place,available,22.98,30.98,medium,low,8,namecheap,,,22/08/2026 19:40
23578760-d9c6-4f35-a9fa-4e8b3c97d0bd,sorts.place,available,22.98,30.98,medium,low,5,namecheap,,,27/09/2026 10:13
93c45bc4-4c36-4359-be3c-89f75db798a6,rimed.place,available,22.49,22.49,medium,low,5,namesilo,,,09/09/2026 17:39
cd0a4833-d4e8-44d6-b329-90115ba51d43,fetid.place,available,22.49,22.49,medium,low,5,namesilo,,,18/08/2026 02:24
c3d61837-ec9b-4d7e-81f9-8dc5fcce9b73,aranyaka.place,available,22.49,22.49,medium,low,8,namesilo,,,20/09/2026 00:08
1d2b4922-0e8d-4843-88fa-e52147e700ea,herakles.place,available,22.98,30.98,high,low,8,namecheap,,,18/09/2026 04:05
fa21c20b-4b76-4207-9461-1aa7a9faa877,pretense.place,available,22.98,30.98,high,low,8,namecheap,,,25/09/2026 16:21
fbe7a774-6c71-4b6c-add1-8c4d5f4c2aee,bigfoot.place,available,22.49,22.49,high,low,7,namesilo,,,23/09/2026 15:06
0a6afad1-6f8f-416a-9728-2dcb7b8f3353,beeper.place,available,22.49,22.49,high,low,6,namesilo,,,23/09/2026 01:31
c7a7b3c1-9d93-4a0b-aff8-c395fe85204c,had.place,available,22.49,22.49,high,low,3,namesilo,,,
48582c60-493f-40ee-bcc4-1fa02788c3f4,underwater.place,available,22.98,30.98,high,low,11,namecheap,,,16/09/2026 17:58
7a7635ea-096e-460d-af77-7c7fa8e3a0e6,bessemer.place,available,22.49,22.49,high,low,8,namesilo,,,23/09/2026 10:28
e2c4a026-3abe-4eea-9397-1552bb993393,operatic.place,available,22.49,22.49,high,low,8,namesilo,,,04/09/2026 16:24
6dd8ae3e-10de-4cb8-a1de-e5f8f8c64a50,aras.place,available,22.49,22.49,medium,low,4,namesilo,,,20/09/2026 00:22
e7d66360-c83b-4760-8b21-5dd22db36e89,threaten.place,available,22.49,22.49,high,low,8,namesilo,,,27/09/2026 04:46
c85a4633-4b67-4f03-b7be-7841df89cae5,autoerotic.place,available,22.98,30.98,medium,low,10,namecheap,,,07/08/2026 20:01
fa8dc9d1-f100-40b9-8d85-80a28fc93d55,lovingly.place,available,22.98,30.98,high,low,8,namecheap,,,14/09/2026 19:14
798eae87-50b9-47ef-8710-adbf925f90f0,antibody.place,available,22.49,22.49,high,low,8,namesilo,,,19/09/2026 14:14
a32923d4-f24d-4b75-ae31-be65845e0413,ismaili.place,available,22.49,22.49,high,low,7,namesilo,,,22/08/2026 10:53
cc1825e4-30da-4d1a-ae9f-3c8e6d5b39c8,hubbub.place,available,22.98,30.98,high,low,6,namecheap,,,24/09/2026 10:52
13560572-3082-4a89-b799-30e1d0495226,admiral.place,available,22.49,22.49,high,low,7,namesilo,,,17/09/2026 08:46
72110208-4237-4a69-afee-84043478b720,amenity.place,available,22.98,30.98,high,low,7,namecheap,,,17/09/2026 19:17
17c4f621-bdc4-416d-b842-fe8c146d2fdf,arrays.place,available,22.49,22.49,medium,low,6,namesilo,,,20/09/2026 09:17
c3560990-4486-40a8-b379-3ab8df56bc5d,hahaha.place,available,25.99,,high,low,6,name.com,,,
c8df1332-05a3-4986-9860-125dc4c3ba95,insinuate.place,available,22.49,22.49,high,low,9,namesilo,,,22/08/2026 08:35
bb2a6b83-a7b9-4151-8f43-1bf5fd50c5e0,detoxify.place,available,22.49,22.49,high,low,8,namesilo,,,
593a7c2e-8045-45a6-9ff0-732b7ec36e06,obscure.place,available,22.49,22.49,high,low,7,namesilo,,,05/08/2026 21:59
fce8e371-2e53-41e3-85de-06e937cda900,successors.place,available,22.49,22.49,medium,low,10,namesilo,,,20/09/2026 05:21
febeec39-5636-4363-a540-fb4d7f0759a8,daunting.place,available,25.99,27.99,medium,low,8,name.com,,,13/08/2026 18:48
c568ebc7-4c4e-44d9-933e-ba7701843508,serially.place,available,22.49,22.49,medium,low,8,namesilo,,,16/09/2026 01:08
57245c76-dffa-43ef-8f8f-aa57a3c95ff2,principal.place,available,22.98,30.98,high,low,9,namecheap,,,27/09/2026 05:53
a223dc54-31ab-4b4e-baba-78f16da0201c,eyepiece.place,available,22.49,22.49,medium,low,8,namesilo,,,04/09/2026 00:46
3cc653b1-00f5-4ab8-bafe-7052d70a0eec,fiend.place,available,22.49,22.49,high,low,5,namesilo,,,17/08/2026 21:54
cb53e946-2d4e-4297-bf11-e9a338826ede,riotous.place,available,25.99,27.99,medium,low,7,name.com,,,13/08/2026 20:26
f0efac98-5a6c-48bc-b48a-c2e790bab25f,stripy.place,available,22.49,22.49,medium,low,6,namesilo,,,10/09/2026 22:46
b6288058-629e-4888-bd12-3f8c47047800,aeolian.place,available,22.49,22.49,medium,low,7,namesilo,,,
8b5dd1d2-9099-4fd6-9809-88f354494369,dapper.place,available,25.99,27.99,high,low,6,name.com,,,13/08/2026 17:25
faa5e321-0d74-45ff-91db-9a540aa1f824,sweetheart.place,available,22.49,22.49,high,low,10,namesilo,,,22/08/2026 16:44
28d474d1-84a9-4c42-9b12-cd794823fe7b,rustless.place,available,22.98,30.98,medium,low,8,namecheap,,,09/09/2026 20:19
6dfc8222-afc3-46da-9ac7-a41b99d659b8,western.place,available,22.49,22.49,high,low,7,namesilo,,,13/09/2026 10:56
cd030ecb-0e50-4816-b85a-d2a9224e4cdc,makeshift.place,available,22.49,22.49,high,low,9,namesilo,,,21/08/2026 23:21
ea0583f4-74b3-45fb-8bd2-56b979845c68,june.place,available,22.49,22.49,high,low,4,namesilo,,,
fc5bb207-68ac-4458-be44-70358215f7e2,gormless.place,available,22.49,22.49,low,low,8,namesilo,,,18/08/2026 20:48
7b272342-4081-47e6-ab03-cdd8b9692b73,lutetium.place,available,22.49,22.49,medium,low,8,namesilo,,,20/09/2026 23:39
dee7f646-235f-4869-8722-bf8e1d4f32fe,fellowman.place,available,22.49,22.49,high,low,10,namesilo,,,21/09/2026 03:03
7796eff0-91bb-4d01-9916-12c99a5cab94,detailed.place,available,22.49,22.49,high,low,8,namesilo,,,24/09/2026 07:09
5111b7e5-6273-4eb6-b382-37778a83e24c,official.place,premium,23.6,23.6,high,low,8,namesilo,,,26/09/2026 00:05
f562bf20-47ba-409b-8b84-b149fe990bd8,banshie.place,available,22.98,30.98,medium,low,7,namecheap,,,22/09/2026 03:10
b5a9c27b-b1d7-44ee-b8ab-64c090125792,burial.place,available,22.49,22.49,medium,low,6,namesilo,,,24/09/2026 11:18
e301bfaf-501c-48fc-8a86-52cce09e2143,prewar.place,available,22.49,22.49,medium,low,6,namesilo,,,09/09/2026 01:51
d0aeea48-318c-42c6-957e-a5dead5f3e7a,sufi.place,available,22.49,22.49,high,low,4,namesilo,,,11/09/2026 01:14
564af681-3bdf-457f-88cd-d8cb9580ee96,albee.place,available,22.98,30.98,medium,low,5,namecheap,,,18/09/2026 02:31
acf94871-7c54-4fb1-bb18-addeda1f5f5b,flattering.place,available,22.49,22.49,high,low,10,namesilo,,,18/08/2026 06:57
f760114b-a532-4bb4-9b69-0b779ca184b1,projecting.place,available,22.49,22.49,high,low,10,namesilo,,,22/08/2026 14:48
371e8bee-c3ef-4248-8b94-9df6e1efbf75,sharpe.place,available,22.98,30.98,medium,low,6,namecheap,,,26/09/2026 03:16
f05696e7-d61b-4d39-ac87-a69292db8daa,criticise.place,available,22.49,22.49,high,low,9,namesilo,,,
c85f94bd-3c65-4889-8071-f12d400af56f,yellowcake.place,available,22.49,22.49,medium,low,11,namesilo,,,
34b15b20-48e6-4422-9993-7e51fa6840c9,kirk.place,available,22.49,22.49,high,low,4,namesilo,,,25/09/2026 08:51
411b687d-7c37-4bfc-ab46-c068f08c6bee,bucolic.place,available,22.49,22.49,high,low,7,namesilo,,,06/08/2026 14:14
8c80a140-756c-4c4b-9558-495715940f8c,pane.place,available,22.49,22.49,high,low,4,namesilo,,,21/09/2026 14:30
f8e38f36-fd6a-4c12-84b6-96c69ffdf1ef,assertion.place,available,22.98,30.98,high,low,9,namecheap,,,20/09/2026 16:14
f733780e-6bce-4597-b081-5c51f4c3d7be,club.place,available,22.49,22.49,high,low,4,namesilo,,,
798c5707-6913-4e70-875c-1aa5d7bab46b,runs.place,available,22.49,22.49,high,low,4,namesilo,,,17/09/2026 13:37
d60f6f07-a256-48f5-8ffc-e079bb0a9f49,eroding.place,available,22.49,22.49,medium,low,7,namesilo,,,13/09/2026 09:08
29c87cdd-e219-40ef-aeae-09b435e755ab,ruiz.place,available,22.49,22.49,high,low,4,namesilo,,,27/09/2026 07:03
50342348-e4de-45c1-89a4-0243b567817a,luke.place,available,22.49,22.49,high,low,4,namesilo,,,25/09/2026 06:37
4161ad47-13ac-41f7-ab74-9271cc4b3923,unpopular.place,available,22.49,22.49,medium,low,9,namesilo,,,12/09/2026 17:11
582cabe7-5007-4e0c-ba56-f6c6e5079cf4,cassie.place,available,22.98,30.98,high,low,6,namecheap,,,16/09/2026 20:12
6b7d045b-9bf8-4cae-b658-5bd6cdb137bc,ironlike.place,available,22.49,22.49,medium,low,8,namesilo,,,22/08/2026 10:10
a36ed55d-af1b-4302-8baf-d5234bfce04f,unimposing.place,available,22.49,22.49,medium,low,10,namesilo,,,12/09/2026 13:12
5d363383-4a1c-4a9d-b55d-5402e00780f0,allusive.place,available,22.49,22.49,high,low,8,namesilo,,,
14df7088-21cf-4e40-b1fb-9f95c13ee0d9,handsomely.place,available,22.49,22.49,high,low,10,namesilo,,,14/09/2026 22:57
33a37f4a-490c-4a7b-9351-377dfb98645d,floaty.place,available,22.49,22.49,high,low,6,namesilo,,,11/08/2026 10:08
8941ca60-49b0-4d37-aebc-54c0ab703109,esthetic.place,available,22.98,30.98,high,low,8,namecheap,,,21/09/2026 21:16
e325d532-5dea-4038-854a-0e65221ae0b1,compatible.place,available,22.49,22.49,high,low,10,namesilo,,,23/09/2026 16:57
587d1d12-9e20-4e10-b143-cf2763a9b4cd,apologize.place,available,22.49,22.49,high,low,9,namesilo,,,
e0736d5d-c8c7-452b-b886-96474da8f105,resettled.place,available,22.49,22.49,high,low,9,namesilo,,,09/09/2026 13:41
cf7f79bd-bee6-4b1d-9ba9-63d9d66d6e4f,wolfbane.place,available,22.49,22.49,medium,low,8,namesilo,,,17/09/2026 02:09
1aa50760-5096-4a8e-b95b-045000b1bfb9,fundamentals.place,available,22.98,30.98,high,low,12,namecheap,,,17/09/2026 09:40
732f19d9-ad15-498b-b3e0-a98f7cd829d3,neoclassic.place,available,22.49,22.49,medium,low,10,namesilo,,,03/09/2026 15:21
bf15841e-1f55-4692-903f-1ab4a618b3d1,palpably.place,available,22.98,30.98,medium,low,8,namecheap,,,15/09/2026 18:55
774bba62-1bdf-4380-9489-d37d7f55f13c,doors.place,available,22.98,30.98,high,low,5,namecheap,,,25/09/2026 19:46
11f1ac23-8b67-4e42-986e-21f709be4101,lowercase.place,available,22.49,22.49,high,low,9,namesilo,,,25/09/2026 15:23
dd55f1d1-d49c-4a21-bb5b-fbe10aba9bfa,granular.place,available,22.49,22.49,medium,low,8,namesilo,,,12/08/2026 06:52
c3183107-345a-4f80-b382-529dfa689e35,airlock.place,available,22.49,22.49,high,low,7,namesilo,,,17/09/2026 22:33
08d79fb8-8a53-4e31-a16b-b24325ec2d2e,dustbin.place,available,22.98,30.98,high,low,7,namecheap,,,20/09/2026 13:42
07ee4ba3-cf11-4eb3-b3cd-f8cb272097f0,bode.place,available,22.98,30.98,high,low,4,namecheap,,,21/09/2026 03:28
56dca6f3-70e0-4dfa-bfe3-04da9b8adf85,quantized.place,available,22.49,22.49,medium,low,9,namesilo,,,09/09/2026 07:30
5addb197-bccb-41a5-896b-bf82d78b5035,tricolour.place,available,22.98,30.98,high,low,9,namecheap,,,11/09/2026 19:27
790d3d69-a8f7-4944-b569-30c579956d67,perform.place,available,22.49,22.49,high,low,7,namesilo,,,
1bddfcb9-4352-4e35-b49c-3dd38117e3a0,utilised.place,available,22.49,22.49,medium,low,8,namesilo,,,13/09/2026 00:07
2e9f001c-2823-4639-8086-b705c45c514c,ties.place,available,22.49,22.49,medium,low,4,namesilo,,,17/09/2026 21:46
19b714c9-be02-49de-b3a1-6ecff096dbc4,defamer.place,available,22.98,30.98,medium,low,7,namecheap,,,21/09/2026 15:02
fe17311d-df11-416f-a821-21ef8c68a181,ingram.place,available,22.49,22.49,medium,low,6,namesilo,,,26/09/2026 03:39
7bd50b5e-5372-4e44-921f-0f1b685ccb33,bap.place,available,22.49,22.49,high,low,3,namesilo,,,22/09/2026 03:20
9bd2c1d1-a83c-46a3-8bf0-b54d1f8f74a2,plotted.place,available,22.49,22.49,high,low,7,namesilo,,,21/09/2026 22:10
e85edbe2-d7b9-4358-a391-e9f2117289e6,pencils.place,available,22.49,22.49,medium,low,7,namesilo,,,20/09/2026 08:42
d96dd60e-8194-4fb3-8ca8-c450873b3e36,temper.place,available,22.49,22.49,high,low,6,namesilo,,,27/09/2026 04:28
ca9b31c2-23a3-40c2-8f33-1041de42adef,hopes.place,available,22.98,30.98,high,low,5,namecheap,,,25/09/2026 19:44
eee0fdd0-e2b9-4432-8c62-b47f26e8dea0,operation.place,available,22.49,22.49,high,low,9,namesilo,,,25/09/2026 04:49
3a9f20fe-5bfb-4602-b211-39bd633ab159,illegible.place,available,22.98,30.98,medium,low,9,namecheap,,,21/08/2026 19:48
4f131759-54e1-4979-b109-f5acc853af8d,gutsy.place,available,22.49,22.49,high,low,5,namesilo,,,20/08/2026 21:14
ea03d483-48ce-4271-87d8-0cab9a8347ca,urbanely.place,available,22.49,22.49,medium,low,8,namesilo,,,16/09/2026 10:27
fdb369e0-0332-4e7f-9c30-8405844ac13b,barrier.place,available,22.49,22.49,medium,low,7,namesilo,,,
42307b52-8e04-4cf6-9169-0f0cb7e98aff,doped.place,available,22.49,22.49,medium,low,5,namesilo,,,14/08/2026 15:59
f653a335-24e0-4a5f-9f71-94759eb2aac4,arbitrate.place,available,22.49,22.49,high,low,9,namesilo,,,22/08/2026 08:17
f58fa76a-2397-4761-b569-34f83c5d1fd5,ointment.place,available,22.49,22.49,high,low,8,namesilo,,,16/08/2026 15:54
796ba0d8-8c45-4a55-9530-8f96380909b1,atheneum.place,available,22.49,22.49,medium,low,8,namesilo,,,20/09/2026 20:41
5f7176ab-1987-4f49-b291-ab7bff635d04,crackpot.place,available,22.49,22.49,medium,low,8,namesilo,,,10/09/2026 00:10
9068c1e1-9ff2-49ca-9237-e75a939e8fc6,systematically.place,available,25.99,,medium,low,14,name.com,,,
12386282-97b3-46c5-b98c-c7bffeb8fdf6,determine.place,available,22.49,22.49,high,low,9,namesilo,,,
1c3bdd10-24a6-4b75-8675-3a592520701a,derelict.place,available,22.49,22.49,high,low,8,namesilo,,,21/09/2026 13:39
6b1aafde-5ef9-4062-a474-b5534f569f07,encircled.place,available,22.49,22.49,medium,low,9,namesilo,,,16/08/2026 22:19
4c354cec-23dc-421a-8920-c53a0db474e3,usernames.place,available,22.49,22.49,medium,low,9,namesilo,,,20/09/2026 06:18
6d21aeed-1ff8-404f-915d-17335e973da3,oft.place,available,22.98,30.98,high,low,3,namecheap,,,14/09/2026 20:06
fd038771-af34-4d13-bfa4-f223f7f3907c,endearing.place,available,22.98,30.98,high,low,9,namecheap,,,21/09/2026 19:24
a7cc8a8b-10ac-49df-947e-7aa3f41bdc5d,trivially.place,available,22.49,22.49,low,low,9,namesilo,,,16/09/2026 09:31
c799ad94-2ec1-43b1-91fd-b91b0ffb3c72,crucially.place,available,22.49,22.49,medium,low,9,namesilo,,,14/09/2026 09:50
d08add6d-1f37-4571-8a88-9f33b82da002,unsparing.place,available,22.98,30.98,high,low,9,namecheap,,,22/08/2026 21:11
1807385f-2fd4-47f8-aa77-92ead3b2b961,informer.place,available,22.49,22.49,high,low,8,namesilo,,,23/09/2026 11:26
b42d1c94-cff2-4bb6-8bc3-bb7a54887076,woolly.place,available,22.49,22.49,high,low,6,namesilo,,,18/08/2026 08:40
a62b2a2e-38a6-4e7f-94d3-c19ebbc7aaa3,heracles.place,available,22.49,22.49,high,low,8,namesilo,,,18/09/2026 04:03
d8d1c1a5-30c6-486b-84ce-253c94ab0c1a,objector.place,available,22.49,22.49,medium,low,8,namesilo,,,14/08/2026 12:43
b326d0d3-5a87-4387-81be-331d7c422e15,donkeys.place,available,22.49,22.49,medium,low,7,namesilo,,,20/09/2026 00:20
8e96a5ee-8b90-4cbe-8a17-6dfa05886da5,rebound.place,available,22.98,30.98,high,low,7,namecheap,,,21/09/2026 15:40
6f4f76cf-1a3f-4120-b056-4a4d76f668b9,beerbohm.place,available,22.49,22.49,medium,low,8,namesilo,,,23/09/2026 01:47
bc273a4d-6b95-46dc-82f2-f6bee2b60b28,resulted.place,available,22.49,22.49,medium,low,8,namesilo,,,19/09/2026 00:26
f8e1bd41-5cb2-48f1-8207-0f62afc04489,monsters.place,available,22.49,22.49,high,medium,8,namesilo,,,27/09/2026 03:16
5fb823e4-73db-4df3-b204-deb670707d84,negatively.place,available,22.49,22.49,medium,low,10,namesilo,,,15/09/2026 16:24
5e417796-f775-4e97-8de8-ef2a81b28c59,incite.place,available,22.49,22.49,high,low,6,namesilo,,,09/09/2026 03:18
6080e100-fb23-4b6f-bd7f-ec821b280a78,peaceable.place,available,22.49,22.49,high,low,9,namesilo,,,08/09/2026 11:08
fb0ce2ff-9651-4a07-8c43-65eac074d090,infantile.place,available,22.49,22.49,high,low,9,namesilo,,,12/08/2026 05:04
4e912de6-bd30-4fe1-a05d-8250f885f2ea,complicate.place,available,22.49,22.49,high,low,10,namesilo,,,08/09/2026 14:25
1c8220f6-5319-4214-bd8b-591fd9bb6379,distaff.place,available,22.49,22.49,medium,low,7,namesilo,,,14/08/2026 13:01
c918abd6-16c3-4473-baea-cd9f060cb76a,decreed.place,available,22.49,22.49,medium,low,7,namesilo,,,13/08/2026 22:14
e2ffd699-94ac-431d-b994-c28a332c4f07,antonius.place,available,22.98,30.98,medium,low,8,namecheap,,,19/09/2026 13:34
082af905-7159-443e-9fa8-2257b13182ae,parental.place,available,22.49,22.49,high,low,8,namesilo,,,08/09/2026 01:14
58979d91-c577-47c5-bd77-4dc8ab7078ea,applesauce.place,available,22.98,30.98,high,low,10,namecheap,,,19/09/2026 21:26
95387853-cf84-459f-8104-f24bb729a123,bering.place,available,22.49,22.49,high,low,6,namesilo,,,23/09/2026 04:03
e3329ac2-8e3e-4376-80e0-94268efc60b6,atonement.place,available,22.98,30.98,high,low,9,namecheap,,,21/09/2026 00:28
089f34f2-84fe-46bc-84e5-c7942e96ae0d,cared.place,available,22.98,30.98,medium,low,5,namecheap,,,25/09/2026 19:49
e0a6f1a0-ffdc-4cd2-9cb6-71b96e5973ab,stoutness.place,available,22.49,22.49,medium,low,9,namesilo,,,04/09/2026 22:03
9b1d1242-571e-44a0-8756-74384e5d7672,capitate.place,available,22.98,30.98,medium,low,8,namecheap,,,11/08/2026 17:57
16e5a33d-a535-432a-b684-a6e195496f4f,telltale.place,available,22.49,22.49,high,low,8,namesilo,,,11/09/2026 10:35
36a9ead1-3829-4cf0-bd7c-142bf58a122b,holloway.place,available,22.49,22.49,high,low,8,namesilo,,,26/09/2026 03:22
78126ec9-a6ef-45e0-8c98-0ca603435e28,insert.place,available,22.49,22.49,high,low,6,namesilo,,,24/09/2026 20:42
66dcb488-b42f-41cc-8817-d19b3caf74a8,loquacious.place,available,22.49,22.49,medium,low,10,namesilo,,,12/08/2026 03:22
15122e95-9bb2-4fb1-b45e-c57578b96e49,astrakhan.place,available,22.49,22.49,medium,low,9,namesilo,,,20/09/2026 17:31
579bd474-d10c-4619-96bf-cf25593642dd,alphavirus.place,available,22.49,22.49,medium,low,10,namesilo,,,18/09/2026 13:47
d861a946-c69a-4f39-9d0d-870d462f8bd8,condor.place,available,22.49,22.49,high,low,6,namesilo,,,24/09/2026 17:10
23a2b538-b608-44e8-8893-6932563026ed,braggart.place,available,22.49,22.49,medium,low,8,namesilo,,,11/08/2026 01:16
2a9b4989-18dd-4c3a-acdf-dccb915e6fef,submarine.place,available,22.49,22.49,high,low,9,namesilo,,,11/09/2026 00:16
174c7154-a2db-4e99-9099-72d99778d948,artifact.place,available,22.49,22.49,high,low,8,namesilo,,,20/09/2026 10:07
b77e0566-ce33-49d4-8572-a9727e7ecf7f,inspect.place,available,22.49,22.49,high,low,7,namesilo,,,21/09/2026 03:08
9823156a-1e67-4e23-b306-4e6594a12301,shifting.place,available,22.49,22.49,high,low,8,namesilo,,,
d4b81fb7-c556-4d3d-b0d1-7eb8d37cea87,concoct.place,available,22.49,22.49,high,low,7,namesilo,,,
c76d2809-7602-418d-b1ee-a3d9d3750cde,unfilmed.place,available,22.49,22.49,medium,low,8,namesilo,,,12/09/2026 10:14
f0d49ac1-91a5-442c-9357-cdf0624da269,latterly.place,available,22.49,22.49,medium,low,8,namesilo,,,15/09/2026 10:54
698a4e9b-0f3c-4bdc-8210-c2fa742797e4,driving.place,available,22.49,22.49,high,low,7,namesilo,,,24/09/2026 12:10
849e39ba-22e0-4ec0-8a3e-a8b714da3024,rambling.place,available,22.49,22.49,high,low,8,namesilo,,,17/08/2026 16:41
a5296168-c032-459e-934b-319696872895,clovers.place,available,22.49,22.49,medium,low,7,namesilo,,,21/09/2026 06:52
40e493a1-4d4b-4050-8ec3-7ff43942b261,barrister.place,available,22.49,22.49,high,low,9,namesilo,,,22/09/2026 08:39
436f7ed8-e5f4-464e-976a-367b07f2fc01,confession.place,available,22.49,22.49,high,low,10,namesilo,,,
c170275f-3826-433c-87d7-e99d54f1e6ce,sapphic.place,available,22.49,22.49,high,low,7,namesilo,,,23/08/2026 00:18
db59a227-3521-4d15-a954-f4fd5d54a66b,ornate.place,available,22.98,30.98,high,low,6,namecheap,,,04/09/2026 17:59
fdf844ee-c8bf-4822-8935-4ef26ab1a089,bursal.place,available,22.49,22.49,medium,low,6,namesilo,,,11/08/2026 11:04
0d26bed7-9558-4971-b143-800908eceea1,swish.place,available,22.49,22.49,high,low,5,namesilo,,,12/08/2026 09:55
5f6f083e-296a-41a2-b20b-f3a662f6ea59,forceful.place,available,22.49,22.49,high,low,8,namesilo,,,18/08/2026 11:13
48aea3d1-eb9f-49a6-935f-58a1a301efb6,pith.place,available,22.49,22.49,high,low,4,namesilo,,,14/09/2026 23:55
174bab62-5cbd-44ce-9db8-496450d71462,compliant.place,available,22.49,22.49,high,low,9,namesilo,,,23/09/2026 17:44
4e319709-b7d8-4dd6-9d6d-84a263310ea3,spirant.place,available,22.49,22.49,medium,low,7,namesilo,,,12/08/2026 23:20
00d3c740-12be-4460-814e-8d9044417a61,pellmell.place,available,22.49,22.49,medium,low,9,namesilo,,,21/08/2026 01:07
a769a0cc-f5f1-4893-b8a9-3082d0ba3d2d,timorous.place,available,22.49,22.49,medium,low,8,namesilo,,,11/09/2026 16:05
00044438-0903-4539-8973-3bd435f6b756,sperm.place,available,22.49,22.49,high,low,5,namesilo,,,
8485cbd1-f088-4620-bfaf-dc495f26288c,longer.place,available,25.99,,high,low,6,name.com,,,
5b9f52ae-3418-4d2f-9e8f-1d1d7bf0eaed,frostbite.place,available,22.98,30.98,high,low,9,namecheap,,,24/09/2026 19:56
1d2570b0-6b85-4148-b0e8-a282c5df38c4,umbilicus.place,available,22.49,22.49,high,low,9,namesilo,,,23/09/2026 06:37
5fc6c917-a522-4909-a9dc-591862869545,oldest.place,available,22.49,22.49,high,low,6,namesilo,,,
953f2a4b-486f-4d07-832a-303f89391cf7,tiptop.place,available,22.49,22.49,high,low,6,namesilo,,,
eb5a28db-6c40-4034-8887-18818addd244,sumbuddy.place,available,22.49,22.49,low,low,8,namesilo,,,
3ed2bab7-1ba6-4988-999e-b13a15a672b6,pouch.place,available,22.49,22.49,high,low,5,namesilo,,,24/09/2026 11:07
c4a4340c-f6f1-408d-b761-fd75d9f08114,postbox.place,available,22.49,22.49,high,low,8,namesilo,,,
02787c6b-cec1-4b82-b5e2-307ffa7137e5,lenten.place,available,22.49,22.49,medium,low,6,namesilo,,,22/08/2026 23:48
96248e6b-d5cc-4886-874e-fc521aaadb2f,fallacious.place,available,22.98,30.98,medium,low,10,namecheap,,,13/08/2026 21:08
ca2419db-bad7-422c-a2ea-329f46d37274,shaped.place,available,22.49,22.49,high,low,6,namesilo,,,25/08/2026 03:44
f48ade62-8e4d-42b2-933e-01450b2cd84d,awning.place,available,22.49,22.49,high,low,6,namesilo,,,21/09/2026 10:12
d394393b-e8cf-4450-ae5f-e5d41c697f10,breaker.place,available,22.49,22.49,high,low,7,namesilo,,,24/09/2026 08:24
797c6b73-a738-43e6-9d49-0266c65c449e,anonymity.place,available,22.49,22.49,high,low,9,namesilo,,,19/09/2026 11:38
90b1fa74-a0dd-4884-bad5-f9a9c5a66df3,affirm.place,available,,,high,high,6,,,,
4fdf7d88-fecf-4d40-a1aa-f2548b5a17c3,dullard.place,available,22.49,22.49,low,low,7,namesilo,,,10/09/2026 23:07
7f791757-0633-42ea-9442-952392c03d7e,measly.place,available,22.98,30.98,medium,low,6,namecheap,,,24/08/2026 18:23
ede11b54-782b-4343-bbea-44579b95c2d6,bullets.place,available,22.98,30.98,high,low,7,namecheap,,,25/09/2026 19:55
90bb2886-0473-4d55-8711-668fb45a965e,magnet.place,available,22.49,22.49,high,low,6,namesilo,,,21/09/2026 02:14
46359bf1-9cad-4d2b-8645-68877f0290ce,christina.place,available,22.49,22.49,high,low,9,namesilo,,,25/09/2026 14:23
3f9c9397-3d1b-4a5c-9748-1620341968e1,falling.place,available,22.49,22.49,high,low,7,namesilo,,,14/08/2026 19:49
9bb09831-7a69-4cec-950b-7fdaa25b2c91,westerly.place,available,22.49,22.49,medium,low,8,namesilo,,,13/09/2026 10:53
c168c4d8-4c25-4690-b128-8bc7c7ee7156,interest.place,available,22.49,22.49,high,low,8,namesilo,,,08/09/2026 14:02
74170d46-0497-42c4-878f-02ed545ec791,bought.place,available,22.49,22.49,high,low,6,namesilo,,,
028f5946-5cde-4a71-ad09-b22f584daf9a,loafer.place,available,22.49,22.49,medium,low,6,namesilo,,,14/08/2026 14:12
da0df9ee-c747-4c57-a8e1-028cd955c630,century.place,available,22.49,22.49,high,low,7,namesilo,,,
074ec4d2-b794-487b-a6dc-ea7805433768,stopping.place,available,25.99,,high,low,8,name.com,,,
21f2033f-c139-4687-97be-749fba3a5815,frail.place,available,22.49,22.49,high,low,5,namesilo,,,18/08/2026 13:59
416e2285-fce7-4a63-a1ec-d9619f84dcd9,uncool.place,available,22.49,22.49,medium,low,6,namesilo,,,12/09/2026 06:11
1d7ee8be-3d0e-40e0-b4e3-b5035b1c4f86,allotted.place,available,22.49,22.49,high,low,8,namesilo,,,
554a32bd-3374-41b9-9beb-9e836f824c69,privily.place,available,22.49,22.49,medium,low,7,namesilo,,,15/09/2026 21:31
322b6ce5-286e-4f06-a120-f1855deb34cb,bun.place,available,22.49,22.49,high,low,3,namesilo,,,24/09/2026 11:10
2ecf35df-18ec-4566-8f1a-6d78127aab86,offense.place,available,22.49,22.49,high,low,7,namesilo,,,04/09/2026 01:32
e3b6378e-edf1-47ac-b55d-ab96341ace03,heartsease.place,available,22.49,22.49,medium,low,10,namesilo,,,20/09/2026 19:40
b0e882a8-ef16-4041-854b-a77b2e22fc86,terrifies.place,available,22.49,22.49,low,low,9,namesilo,,,18/09/2026 07:37
da2e15c9-48c9-418d-9f43-380b6775a8fc,sedentary.place,available,22.49,22.49,medium,low,9,namesilo,,,10/09/2026 01:36
22b783ba-cce1-4fb0-a6d1-c1bb89d88b26,coexisting.place,available,22.49,22.49,medium,low,10,namesilo,,,12/08/2026 15:32
0db1ff59-1edf-455d-aa0e-7f5adeec25d9,crunch.place,available,22.98,30.98,high,low,6,namecheap,,,24/09/2026 19:53
520a3dc5-2d6f-4478-b962-2d951d12352b,bataan.place,available,22.49,22.49,medium,low,6,namesilo,,,22/09/2026 13:10
4155384d-dd9a-4d3d-ace9-bee3a6bef41e,hypotonic.place,available,22.49,22.49,medium,low,9,namesilo,,,21/08/2026 17:19
09a455ed-44be-401c-a5ec-7ec83e5aa5a8,battery.place,premium,118.8,118.8,high,low,7,namesilo,,,20/09/2026 15:54
d1144ead-9694-45c6-961c-f7ba62d0b3e6,spookily.place,available,22.49,22.49,medium,low,8,namesilo,,,14/09/2026 15:07
f2c26433-3575-4aad-8b6d-d638a51db381,broke.place,available,22.49,22.49,high,low,5,namesilo,,,23/09/2026 09:49
4c42e345-c1a0-42e5-a2da-238cb6a917ca,tied.place,available,22.49,22.49,high,low,4,namesilo,,,22/08/2026 17:45
ab4f46a5-efde-40a9-83a6-fd409f900c77,robustly.place,available,22.49,22.49,medium,low,8,namesilo,,,15/09/2026 23:57
81af48eb-c05d-4041-82c0-fa6dd6010be9,west.place,premium,46.2,92.4,high,low,4,namecheap,,,
a5ebfcf5-463e-480a-be4a-9890dc467ffa,receptive.place,available,22.49,22.49,high,low,9,namesilo,,,09/09/2026 11:23
1ab02460-5e13-4880-bd15-57077123b3df,ballerina.place,available,22.98,30.98,high,low,9,namecheap,,,21/09/2026 22:49
70278597-5467-4324-938c-606d99bc964d,aires.place,available,22.49,22.49,medium,low,5,namesilo,,,25/09/2026 21:54
66f0b234-0b36-4480-9309-89ba5b29430d,simone.place,available,22.49,22.49,high,low,6,namesilo,,,27/09/2026 07:19
97ab970f-1542-438f-a301-d291fb45c245,hindi.place,available,22.49,22.49,high,low,5,namesilo,,,21/08/2026 09:32
a186e675-417f-49a7-8d67-89079f1c4ae2,sticky.place,available,22.49,22.49,high,low,6,namesilo,,,16/08/2026 07:55
ef06b0eb-2f41-41a4-bdeb-bb182da77a8f,xcvi.place,available,22.49,22.49,medium,low,4,namesilo,,,
b5641844-69ae-4e63-a026-36f88b80b4e8,llp.place,available,22.49,22.49,high,low,3,namesilo,,,
abb204ab-4dfe-4196-a416-509446895a8f,riemann.place,available,22.98,30.98,high,low,7,namecheap,,,23/09/2026 09:54
c0646527-cd24-425a-a4f8-4f7a0bac9c85,averment.place,available,22.49,22.49,medium,low,8,namesilo,,,20/09/2026 16:16
a4c50a15-b097-4614-952a-ba9119013249,oriented.place,available,22.49,22.49,high,low,8,namesilo,,,26/09/2026 00:29
93ca233a-566f-406b-b27c-1b6796b5e9e6,apiarian.place,available,22.49,22.49,medium,low,8,namesilo,,,05/08/2026 23:53
d6a3d0c6-edc5-47f5-ac94-8f65fbf9b78e,alee.place,available,22.49,22.49,low,low,4,namesilo,,,13/09/2026 18:38
e25bd67f-45ea-423e-ad5c-91a2f8f6bb12,flatfoot.place,available,22.49,22.49,medium,low,8,namesilo,,,10/09/2026 16:10
739b29d1-fdb5-4a30-86c7-b566d0b0e49f,bootleg.place,available,22.98,30.98,high,low,7,namecheap,,,22/09/2026 21:19
815c5095-2116-492d-b04e-09c4c5b2b711,arles.place,available,22.49,22.49,high,low,5,namesilo,,,20/09/2026 06:15
364b0761-dc80-4ef9-b672-c17c18b2ed1f,azotic.place,available,22.49,22.49,medium,low,6,namesilo,,,08/08/2026 02:53
03f03b7f-56cf-461f-8a77-b982b711ce07,antiphony.place,available,22.49,22.49,medium,low,9,namesilo,,,19/09/2026 14:57
17ea597b-c117-4190-88d2-3ab2bf7e24a1,scupper.place,available,22.49,22.49,medium,low,7,namesilo,,,18/09/2026 17:30
97a1008b-3179-422c-9a7e-6659e0c7f548,larboard.place,available,22.98,30.98,medium,low,8,namecheap,,,22/08/2026 19:51
b4f6672a-5329-450d-bc6e-47a5bacbb64a,chatterer.place,available,22.49,22.49,high,low,9,namesilo,,,21/09/2026 12:24
6dcc0a56-d17e-4bc4-9db0-f66cbeff103b,kitschy.place,available,22.49,22.49,medium,low,7,namesilo,,,09/08/2026 00:53
a111ca97-d902-4311-a2c8-a19e59a04fff,geriatric.place,available,22.49,22.49,medium,low,9,namesilo,,,18/08/2026 22:42
18da4697-5f4e-4a56-97dc-c34bd8fd8bc7,fascist.place,available,22.49,22.49,medium,low,7,namesilo,,,17/08/2026 22:58
1973f163-6e56-4b6c-8487-6b52600336c3,sheet.place,available,22.49,22.49,high,low,5,namesilo,,,
682e0ac1-9a64-46ab-ba37-942648401583,amative.place,available,22.49,22.49,medium,low,7,namesilo,,,
d6d0f1b8-71a9-4852-8d73-02ea4f204be1,arroba.place,available,22.98,30.98,medium,low,6,namecheap,,,20/09/2026 09:18
8ba56e8c-f64a-4326-a055-8db27979068e,connector.place,available,22.49,22.49,high,low,9,namesilo,,,24/09/2026 17:23
25a928db-1d68-4a0b-b5da-e6dd745df305,adverbs.place,available,22.49,22.49,medium,low,7,namesilo,,,18/09/2026 21:42
d118acc6-cb0d-4f80-8839-4928217c09e8,rebuff.place,available,22.49,22.49,medium,low,6,namesilo,,,10/09/2026 10:49
40a7ce03-684a-470d-9dc3-4264697aeb6e,doubled.place,available,22.49,22.49,high,low,7,namesilo,,,14/08/2026 16:55
36c51b06-f316-48f9-8deb-67cd72351e98,scores.place,available,22.49,22.49,high,low,6,namesilo,,,14/09/2026 23:23
41932200-40fb-4d7a-9635-9005569beadb,finable.place,available,22.49,22.49,medium,low,7,namesilo,,,18/08/2026 04:28
65119f57-27d6-4695-9d57-c66b9e44fe31,oysters.place,available,22.49,22.49,medium,low,7,namesilo,,,20/09/2026 03:31
a59ee643-c9c1-43cf-aa25-a5d44248e9ab,nauseating.place,available,22.49,22.49,medium,low,10,namesilo,,,24/08/2026 08:23
02efd32c-9e54-4f3a-b78f-68b721bbefb1,achromic.place,available,22.49,22.49,medium,low,8,namesilo,,,
ca0efddb-041b-4875-b689-382df3d9b759,inexpensive.place,available,22.49,22.49,high,low,11,namesilo,,,
2dc321a1-7ca7-4deb-9df9-6ab12da93c99,tippytoe.place,available,22.49,22.49,medium,low,8,namesilo,,,11/09/2026 16:22
064778e9-0098-4e59-8141-7595144c4cdf,asynergy.place,available,22.98,30.98,medium,low,8,namecheap,,,20/09/2026 18:52
d8c0178d-386d-4d96-b220-07b36705928b,verpa.place,available,22.49,22.49,medium,low,5,namesilo,,,23/09/2026 05:34
f1c23a02-ff34-4a24-af1c-f5701bf3eee8,nwo.place,available,22.49,22.49,high,low,3,namesilo,,,
915f682e-d4f4-4270-887d-86aec5c14c49,unhealed.place,available,22.49,22.49,medium,low,8,namesilo,,,12/09/2026 12:08
ec8a6b20-4f0c-40d3-8cf5-e682d8296d27,desolation.place,available,22.49,22.49,medium,low,10,namesilo,,,22/09/2026 05:24
cdb1284d-0074-4711-8cc7-876bfdfd76e9,adult.place,premium,130,260,high,low,5,namecheap,,,21/09/2026 19:57
59450b01-8a70-475a-89ab-b185fcd59295,stately.place,available,22.49,22.49,high,low,7,namesilo,,,08/08/2026 20:22
85320370-65a4-4a60-a664-586157aa1c70,gravelly.place,available,22.98,30.98,medium,low,8,namecheap,,,20/08/2026 18:27
bfddfa87-fba9-4e69-b7f7-a3cc5bed0a91,choked.place,available,22.49,22.49,medium,low,6,namesilo,,,12/08/2026 06:39
66394435-c0af-47a2-a73d-45775e2a81cc,carla.place,available,22.49,22.49,high,low,5,namesilo,,,27/09/2026 07:21
1b1f7ffc-8972-484f-bf48-818362374ed5,seemingly.place,available,22.98,30.98,medium,low,9,namecheap,,,13/09/2026 20:24
9bac0330-6121-425d-883f-2439839e79de,hectic.place,available,22.49,22.49,high,low,6,namesilo,,,18/08/2026 03:09
8c1747f1-ad23-4e7b-94c9-b6435bdfd921,brief.place,available,22.98,30.98,high,low,5,namecheap,,,21/09/2026 13:42
709a5e36-2875-475c-abe7-bc193ff2750c,jointed.place,available,22.49,22.49,medium,low,7,namesilo,,,22/08/2026 13:44
078dac55-e8f4-4dd7-b4b7-22fadcdb109b,trigonal.place,available,22.49,22.49,medium,low,8,namesilo,,,09/09/2026 16:45
36c5ff0f-e648-4033-8dd8-aec54c4f3cdf,catenulate.place,available,22.98,30.98,medium,low,10,namecheap,,,11/08/2026 21:32
8908c1af-a4c3-4e98-ad4a-a8b9dcc16765,studious.place,available,22.98,30.98,high,low,8,namecheap,,,10/08/2026 19:10
2a2a6c18-1a89-4ec2-a41a-a70f72e6a1ce,delusory.place,available,22.98,30.98,low,low,8,namecheap,,,13/08/2026 21:18
88e55ffd-7f78-4d0b-bedf-e196dd213e2f,soursop.place,available,22.49,22.49,high,low,7,namesilo,,,19/09/2026 10:36
bcadb137-6704-4312-8329-210fd32a68c6,push.place,available,25.99,,high,low,4,name.com,,,
6f7bccb6-53c4-4d13-8ac8-d80ac7027343,brawny.place,available,22.49,22.49,high,low,6,namesilo,,,11/08/2026 02:47
44046e66-c8cd-45e3-b4f3-281948a6eea5,knitted.place,available,22.49,22.49,high,low,7,namesilo,,,22/08/2026 16:27
5a7bf843-aaf9-4422-87f0-35eaf48b358c,fundament.place,available,22.49,22.49,medium,low,9,namesilo,,,09/08/2026 10:59
759900c2-1324-4bf6-a382-369847046aa8,drawing.place,available,22.49,22.49,high,low,7,namesilo,,,
4c9624ee-85cc-4cb4-948a-cbb4e27e987e,satiate.place,available,22.49,22.49,high,low,7,namesilo,,,09/09/2026 14:28
9ef81bb5-ef3f-4e23-8021-fb047a8e9589,wedged.place,available,22.49,22.49,medium,low,6,namesilo,,,21/08/2026 21:38
63ea0dce-af30-4958-930b-9ac2a8fb7e61,noah.place,available,22.49,22.49,high,medium,4,namesilo,,,27/09/2026 04:52
9b73041d-20b3-4301-aed5-6f1274bd21fb,affaire.place,available,22.49,22.49,medium,low,7,namesilo,,,17/09/2026 14:00
15bfcb8e-805c-4801-bee4-f34452a850e1,lips.place,available,25.99,,high,low,4,name.com,,,
9ab7cdd7-83aa-44be-a034-4b00f35ae588,catatonic.place,available,22.98,30.98,medium,low,9,namecheap,,,11/08/2026 21:14
faca98be-f5ab-48db-86bf-5ea2db496ef5,unlighted.place,available,22.49,22.49,medium,low,9,namesilo,,,12/09/2026 13:01
5bc5e600-eb06-4df6-9198-8ca234e7af43,paula.place,available,22.49,22.49,high,low,5,namesilo,,,25/09/2026 14:33
4c94e648-e80c-441f-adf2-6b14a56d982c,abilities.place,available,22.49,22.49,high,low,9,namesilo,,,17/09/2026 04:45
17c6d3cd-380e-4ac2-9b42-56c5f67d74dd,warburg.place,available,22.49,22.49,medium,low,7,namesilo,,,16/09/2026 19:40
e56e6705-6dd1-49a1-b25e-d82083b515c5,stabile.place,available,22.98,30.98,medium,low,7,namecheap,,,21/08/2026 21:21
5ffbf77b-8084-405e-ba6e-f3f4cf96c1b1,ringed.place,available,22.49,22.49,high,low,6,namesilo,,,
d55f29d7-fcfc-4540-b6d7-47bb25d6674e,represent.place,available,22.49,22.49,high,low,9,namesilo,,,
93fc22dd-d071-4748-b69c-52aeeafe87d6,peafowl.place,available,22.98,30.98,high,low,7,namecheap,,,23/09/2026 20:05
55dcc119-8975-4e1a-9018-58275b73440c,trigon.place,available,22.49,22.49,high,low,6,namesilo,,,11/09/2026 19:46
391240c0-2f28-4dc0-a017-46a988914f8e,aloft.place,available,22.98,30.98,medium,low,5,namecheap,,,13/09/2026 19:10
68d0ed1b-767d-4630-a04e-d0114bbbad10,scallops.place,available,22.49,22.49,medium,low,8,namesilo,,,19/09/2026 23:48
a3d0098e-92ce-4f5c-a8c8-ee43dce9019a,bluewing.place,available,22.49,22.49,medium,low,8,namesilo,,,19/09/2026 02:57
45dcf4ed-00fc-474a-b071-44021241b0c2,boxers.place,available,25.99,,high,low,6,name.com,,,
48a3923d-a47d-4d93-83ee-88514839d1ef,aliquot.place,available,22.49,22.49,medium,low,7,namesilo,,,
51946af4-e77b-4cf2-952f-919c90a34af4,detergent.place,available,22.49,22.49,high,low,9,namesilo,,,24/09/2026 07:32
7609c3a3-bc72-47bd-a601-0dbd3212ade7,untrained.place,available,22.49,22.49,medium,low,9,namesilo,,,12/09/2026 21:40
ecb6378c-1542-4148-b64c-861fa1931649,visualised.place,available,22.49,22.49,high,low,10,namesilo,,,17/08/2026 10:03
4fefa9f3-d063-4fcb-bef8-1b92c193c70d,negotiations.place,available,22.49,22.49,high,low,12,namesilo,,,17/09/2026 08:01
fe6f5959-9218-41e2-98bf-a3f399dd9f6e,fabian.place,available,22.98,30.98,high,low,6,namecheap,,,17/08/2026 20:10
2237beba-1f6d-4c5e-b06d-8a35307ebe38,reyes.place,available,22.49,22.49,high,low,5,namesilo,,,25/09/2026 23:52
578f1ce1-dbce-4850-b750-eff03dd4710d,counter.place,available,22.49,22.49,high,low,7,namesilo,,,22/09/2026 05:49
f9025ed1-5140-4a05-bf3c-5c722b84845d,ahmad.place,available,22.98,30.98,high,low,5,namecheap,,,27/09/2026 07:37
a0182f60-6b75-4653-9524-5c3bceced9d9,midmost.place,available,22.49,22.49,medium,low,7,namesilo,,,24/08/2026 22:29
b7e65495-55ce-40ed-9441-a787bf0c834d,barefooted.place,available,22.98,30.98,medium,low,10,namecheap,,,08/08/2026 18:59
098c9a24-0bed-458d-a56b-1a8fb1dd63f7,successes.place,available,22.49,22.49,medium,low,9,namesilo,,,
21504b0e-4795-4452-89f2-51e9b667a6be,carbonated.place,available,22.49,22.49,medium,low,10,namesilo,,,11/08/2026 18:39
1ba1a81a-4565-4fd8-ac9e-d77cfff65895,portable.place,available,22.98,30.98,high,low,8,namecheap,,,27/09/2026 04:40
1793c67f-f00f-41cf-b436-bcaafbf4144d,argal.place,available,22.49,22.49,medium,low,5,namesilo,,,20/09/2026 04:10
0887a9be-34aa-4e89-beac-d19008bad3d5,concerned.place,available,22.98,30.98,high,low,9,namecheap,,,23/09/2026 18:58
c1f97a5b-5091-410d-b658-d63c0ddaee38,bellman.place,available,22.49,22.49,high,low,7,namesilo,,,23/09/2026 06:01
52d4baee-9302-4636-984b-7e946848ed88,upland.place,available,22.98,30.98,medium,low,6,namecheap,,,21/08/2026 09:14
2d2fd4ab-cede-49a9-b833-eca245660527,triad.place,available,22.49,22.49,high,low,5,namesilo,,,
a61e664e-fabb-451f-bd1a-eb76ab4b5025,pistol.place,available,22.49,22.49,high,low,6,namesilo,,,27/09/2026 04:22
407f0f72-b606-4d8d-8735-c90b2f4820f0,vivace.place,available,22.49,22.49,high,low,6,namesilo,,,13/09/2026 06:22
cdc235c0-0e19-4360-912d-4ff5350e3502,tapered.place,available,22.49,22.49,medium,low,7,namesilo,,,03/09/2026 13:29
1c65723e-e5be-484e-9605-695180f56f82,trophic.place,available,22.98,30.98,high,low,7,namecheap,,,11/09/2026 20:22
04d9a1a4-690f-46b4-bb95-43491dfc2f67,briefs.place,available,25.99,,high,low,6,name.com,,,
e0c101c8-3816-4070-bc08-3172bf00ed90,mansard.place,available,22.49,22.49,high,low,7,namesilo,,,24/08/2026 15:30
fb99833e-9dc6-4fcb-9063-183ffc6d0747,cinnamon.place,available,22.49,22.49,high,low,8,namesilo,,,
00690614-44a9-419e-b460-d2baae7ff985,binful.place,available,22.98,30.98,medium,low,6,namecheap,,,23/09/2026 17:14
f261a197-2285-446b-b00b-998e5cd55632,scandal.place,available,22.49,22.49,high,low,7,namesilo,,,
240cad5a-4e76-4868-9fc3-20d3a1a022e6,bloomington.place,available,22.49,22.49,high,low,11,namesilo,,,27/09/2026 08:15
51d5b7a9-0bf4-4619-9f0d-9644698797f3,lunatic.place,available,25.99,27.99,high,low,7,name.com,,,13/08/2026 17:47
16be8a01-716d-4f7e-91b2-8079e932bea5,stability.place,available,22.49,22.49,high,low,9,namesilo,,,
bf05c37a-80bb-492f-a6f6-c34269c47a16,stripped.place,available,22.49,22.49,medium,low,8,namesilo,,,10/09/2026 22:48
faea150e-9ff2-4e02-9e77-4972b155c2a9,precarious.place,available,22.49,22.49,medium,low,10,namesilo,,,08/09/2026 01:44
f9aaa2c6-686d-40b2-bd28-87715940c00e,jokes.place,premium,23.6,23.6,high,low,5,namesilo,,,25/09/2026 11:35
6cf85b1e-46ed-4099-a250-aaff8488f501,arbitrage.place,available,22.49,22.49,high,low,9,namesilo,,,20/09/2026 00:42
b342552f-47f0-47ac-9f67-bdad78bb944a,fly.place,premium,42.9,85.8,high,medium,3,namecheap,,,24/09/2026 20:39
3eff1444-dbfb-4acf-9485-cc2a022935d9,cytologic.place,available,25.99,27.99,medium,low,9,name.com,,,13/08/2026 14:39
2f49895c-5b45-42db-b5cf-acba00d8cd41,receptions.place,available,22.49,22.49,medium,low,10,namesilo,,,20/09/2026 06:10
7a4ecf58-d0c5-4c90-a515-1915a8ef1421,checks.place,available,22.98,30.98,high,low,6,namecheap,,,25/09/2026 20:11
6563f2a6-e429-4f18-bc75-cab0c0ca713b,starch.place,available,22.49,22.49,high,low,6,namesilo,,,19/09/2026 00:32
a9f4d4ef-89f2-4943-b29e-65f173be80c1,statewide.place,available,22.98,30.98,high,low,9,namecheap,,,10/09/2026 19:10
1a8f64b3-cdd4-4d3b-bff6-34a549f4cb62,alertness.place,available,22.49,22.49,high,low,9,namesilo,,,18/09/2026 05:27
a968a1db-21c1-4c51-9eb1-39000510f10a,cartoon.place,available,22.49,22.49,high,low,7,namesilo,,,19/09/2026 08:59
5cdb5d44-e198-49c6-a09f-8343f629c942,arp.place,available,22.49,22.49,high,low,3,namesilo,,,20/09/2026 08:35
ee83cd15-da99-4af4-bd22-771099f2dca6,outcome.place,available,22.49,22.49,high,low,7,namesilo,,,
e277840b-73db-481b-8dc6-c8e64330f16d,swaps.place,available,22.49,22.49,medium,low,5,namesilo,,,18/09/2026 22:39
81369fe0-ee78-47d3-afa3-6d8de468e62a,grazed.place,available,22.98,30.98,medium,low,6,namecheap,,,20/08/2026 19:29
a2d02e1d-6997-42ef-b1f9-224d5f99f967,banter.place,available,22.49,22.49,high,low,6,namesilo,,,22/08/2026 13:53
7cf08d95-7062-41c3-b1e4-3b8be8a7eb41,anuria.place,available,22.49,22.49,medium,low,6,namesilo,,,19/09/2026 15:55
f52ae384-285d-431c-a135-f7591dbb219a,alewife.place,available,22.49,22.49,medium,low,7,namesilo,,,18/09/2026 05:44
b84461f2-981d-4e78-a788-a383f2ee194e,sore.place,available,22.49,22.49,high,low,4,namesilo,,,
64acfdbd-b8da-4300-aa65-8252aefd6e34,gonzalez.place,available,22.49,22.49,high,low,8,namesilo,,,25/09/2026 16:13
6fcf8f32-21d8-454f-84b3-911c8f410af0,swart.place,available,22.49,22.49,medium,low,5,namesilo,,,11/09/2026 05:22
edd61731-9da2-4de4-974f-aa92a2b44059,migrator.place,available,22.49,22.49,medium,low,8,namesilo,,,24/08/2026 22:51
b004f974-1345-4bff-88d1-c5b79b91fa27,repulsive.place,available,22.49,22.49,medium,low,9,namesilo,,,
58a3caa7-4e71-4f35-a3d5-55c262401e9a,squinty.place,available,22.49,22.49,medium,low,7,namesilo,,,07/08/2026 03:20
9dd65da3-6dba-4d94-abd5-dbba8d43b8f0,bascule.place,available,22.49,22.49,medium,low,7,namesilo,,,22/09/2026 09:54
356501f1-8fb6-4a80-90c7-1acaa599006b,wan.place,premium,42.9,85.8,high,low,3,namecheap,,,04/09/2026 23:53
e9ccdfe2-65e4-4e60-a879-ad3e8e7d845c,dearest.place,available,22.49,22.49,high,low,7,namesilo,,,09/08/2026 13:50
ca10b3e2-15f2-47d4-8dff-495a1018f1ac,excited.place,available,22.49,22.49,high,low,7,namesilo,,,24/09/2026 15:55
dad9242d-9ffa-4c5e-a8ce-1c42ce9ecdd8,tastily.place,available,22.49,22.49,medium,low,7,namesilo,,,16/09/2026 08:03
22a103b4-4532-43e1-a76c-da14801caa37,batter.place,available,22.49,22.49,high,low,6,namesilo,,,22/09/2026 14:16
788e010a-a600-4183-be39-8c7b2f7acdb8,rustproof.place,available,22.98,30.98,high,low,9,namecheap,,,09/09/2026 20:21
2283346a-a5d2-4c2d-b7c5-95472b2fdc61,wanton.place,available,22.49,22.49,medium,low,6,namesilo,,,25/08/2026 07:57
10bdb0df-bef6-43d9-8648-ccda3e488d3e,blair.place,available,22.98,30.98,high,low,5,namecheap,,,19/09/2026 13:36
56d93776-b28d-4aa3-bc48-2e1cee8db264,chives.place,available,22.49,22.49,high,low,6,namesilo,,,18/09/2026 11:27
e0097efb-5594-42c1-9661-a3ee750589fe,orthoptic.place,available,22.98,30.98,medium,low,9,namecheap,,,04/09/2026 18:06
fd4e7dd6-8210-4dcf-85a4-44f47b19d08c,hahn.place,available,22.49,22.49,high,low,4,namesilo,,,27/09/2026 04:20
49eadf05-3896-413b-a069-e220cf4c009c,choir.place,available,22.49,22.49,high,low,5,namesilo,,,
35d07c53-1f17-4070-8a55-e7d7e65cd195,periodic.place,available,22.49,22.49,high,low,8,namesilo,,,08/09/2026 17:11
3f896b66-bd2e-4ac1-afb8-abbb4034e82f,splenic.place,available,22.49,22.49,medium,low,7,namesilo,,,23/08/2026 01:27
17d15f24-c004-48a8-9e85-44ec752fa422,punjab.place,available,22.49,22.49,high,low,6,namesilo,,,27/09/2026 05:06
0a86c1f7-136e-4435-a812-af982a435649,suv.place,premium,14,28,high,low,3,namecheap,,,
fc581ccc-c3a5-49b5-a578-a9e5dcadfe2f,acropolis.place,available,22.49,22.49,high,low,9,namesilo,,,17/09/2026 03:57
ff2a44d3-7114-486e-8a48-1b4c66d1d030,blackshirt.place,available,22.49,22.49,medium,low,10,namesilo,,,24/09/2026 03:05
4a65302b-d47a-47bc-af2b-f11b27cfe0f5,tiddly.place,available,22.49,22.49,medium,low,6,namesilo,,,11/09/2026 15:36
7c66023e-21cd-47fe-a9e4-1e7a2bb4d6d1,wilder.place,premium,23.6,23.6,high,low,6,namesilo,,,23/09/2026 16:50
aeac77b9-81b8-447c-a203-855cb195832f,angry.place,available,22.49,22.49,high,low,5,namesilo,,,
1859e269-c862-424d-8d6f-d605f1f01938,ixc.place,available,22.98,30.98,medium,low,3,namecheap,,,
c445abc7-e128-4cd0-9fd4-c23e686185e3,wishful.place,available,22.49,22.49,medium,low,7,namesilo,,,07/08/2026 05:07
6b6b9b4a-5be4-4553-8612-29c9ef98a633,fumed.place,available,22.98,30.98,medium,low,5,namecheap,,,18/08/2026 18:20
b6972496-2ead-4f56-bb6a-4c096ae4ad04,indexical.place,available,22.49,22.49,medium,low,9,namesilo,,,22/08/2026 02:53
40b0e82e-dc2d-48e8-9d4e-b1836528d090,revolution.place,available,25.99,,high,low,10,name.com,,,
fb59a49c-eb64-40a1-ad82-d0a3ada15a7e,great.place,resell,,,high,medium,5,"Global Domains International, Inc. DBA DomainCostClub.com",25/05/2026 15:16,25/05/2027 15:16,26/09/2026 06:29
6cdfe346-bd1a-4b10-84e7-9ec57431ef7a,forgery.place,available,22.49,22.49,high,low,7,namesilo,,,13/08/2026 03:36
1af9e490-da15-4b83-8429-40e1a69a13c6,proves.place,available,22.98,30.98,medium,low,6,namecheap,,,18/09/2026 07:04
982def23-91ee-4149-85dd-e3edbbfbaeef,weeklong.place,available,22.49,22.49,medium,low,8,namesilo,,,10/09/2026 05:01
2fe1b060-59fc-4541-bec3-5faf4a80e7d3,commotion.place,available,22.49,22.49,high,low,9,namesilo,,,24/09/2026 16:36
10a080e5-a8d7-4f84-b63d-5660e62ff45a,grungy.place,available,22.49,22.49,low,low,6,namesilo,,,09/08/2026 09:36
68aa386e-9c79-4748-b6ea-0a7ce8d3a719,acetamide.place,available,22.49,22.49,medium,low,9,namesilo,,,16/09/2026 23:49
3c37a753-66d6-4ad2-bac2-1e506947294d,discoid.place,available,22.49,22.49,medium,low,7,namesilo,,,14/08/2026 09:38
003235c6-4904-4f13-b58e-23fe2f4db3db,evacuate.place,available,22.49,22.49,high,low,8,namesilo,,,
0e14448f-4d23-4f84-ac40-282b03d756ae,asio.place,available,22.49,22.49,medium,low,4,namesilo,,,20/09/2026 14:18
ffac2db0-7560-4ef5-8614-8d7853bea476,suppose.place,available,22.49,22.49,high,low,7,namesilo,,,
a968ee2f-0e95-43c2-b3dc-ff98d3d5f17f,slender.place,available,22.49,22.49,high,low,7,namesilo,,,24/08/2026 01:14
1d6b5ead-86c4-41c2-8f98-0d8a29dbbfa8,shoveler.place,available,22.49,22.49,medium,low,8,namesilo,,,19/09/2026 02:54
00f0d62d-1372-4b53-abd6-80a26d6e3068,grandchild.place,available,22.49,22.49,high,low,10,namesilo,,,
459ffcbc-cb02-41a1-908d-ced9bd163289,haynes.place,available,22.49,22.49,medium,low,6,namesilo,,,27/09/2026 01:55
e9bcbe43-5db0-477d-92c1-67b708d86b90,drizzling.place,available,22.98,30.98,medium,low,9,namecheap,,,14/08/2026 19:38
6c0dab4a-aefd-402b-be78-afeac98e7dea,stupendous.place,available,22.98,30.98,high,low,10,namecheap,,,12/08/2026 18:00
610ec7f8-db5b-4f9c-a5ac-6bec49c0f42b,tool.place,resell,,,high,low,4,"Sav.com, LLC",13/03/2018 16:36,13/03/2027 16:36,26/09/2026 09:40
c04adb62-0f03-48a9-9bef-5f0b97e5f0b5,biographic.place,available,22.98,30.98,high,low,10,namecheap,,,10/08/2026 01:58
7b695698-6e7a-4613-9b24-780c544f2323,middlesex.place,available,22.49,22.49,medium,low,9,namesilo,,,25/09/2026 13:32
caab8fe6-1436-413e-bbea-d31181c6e972,malicious.place,available,22.49,22.49,high,low,9,namesilo,,,24/08/2026 14:02
0a0b6ad8-7df8-4abc-b3ee-2689b62144a0,grub.place,available,22.49,22.49,high,low,4,namesilo,,,11/08/2026 09:30
1b3bef71-5e0b-41a3-bfe6-bfd49585be67,parents.place,premium,69.3,138.6,high,low,7,namecheap,,,
c5c5af35-d391-40c5-a838-b2fdda987ad9,depleted.place,available,22.49,22.49,medium,low,8,namesilo,,,14/08/2026 02:23
75b2e5f1-fe1a-4ccf-a574-592f84333c55,purchase.place,premium,69.3,138.6,high,low,8,namecheap,,,
4836acdc-6a4c-4c13-9f5a-0cca8a291a3f,cordless.place,available,22.49,22.49,high,low,8,namesilo,,,13/08/2026 01:04
b15755e4-1f85-42bb-9659-0a3e5671e65e,ravenna.place,available,22.49,22.49,medium,low,7,namesilo,,,22/09/2026 15:51
72da1299-67ed-4c65-89c5-f10ec84b3b7c,cousin.place,available,22.98,30.98,high,low,6,namecheap,,,24/09/2026 18:49
e7d19147-b945-4da2-b728-56409e05e938,termination.place,available,22.49,22.49,high,low,11,namesilo,,,04/09/2026 07:49
a87da7f2-d8d2-45e7-9526-b36a48d36569,cadastral.place,available,22.49,22.49,high,low,9,namesilo,,,11/08/2026 12:39
e7140de3-39ef-4c04-a2d6-bde6d7cd66fa,downstairs.place,available,22.98,30.98,high,low,10,namecheap,,,14/08/2026 17:55
4f2a3063-a486-46ad-881f-fde936bf7f7e,oppose.place,available,22.49,22.49,high,low,6,namesilo,,,
196e1f34-6d2f-4a85-9f8a-e7ce32ec76f4,angelus.place,available,22.49,22.49,high,low,7,namesilo,,,19/09/2026 06:03
11265fa7-c236-40ed-8b7b-624cae1dcfd1,glitter.place,available,22.49,22.49,high,low,7,namesilo,,,
fec48b95-aa64-4acf-aeeb-83f929f61580,rude.place,available,22.49,22.49,high,low,4,namesilo,,,22/09/2026 16:12
6c392e41-4af8-4919-bc76-809414f5f1bc,belgrade.place,available,22.98,30.98,high,low,8,namecheap,,,23/09/2026 05:11
70d70277-1f01-4ba6-8e8d-ec5abbe3a9cf,cislunar.place,available,22.49,22.49,medium,low,8,namesilo,,,12/08/2026 08:30
0e7227bd-0f60-40c4-9354-055946a2c3ed,ignoble.place,available,22.98,30.98,medium,low,7,namecheap,,,21/08/2026 18:23
30b54194-4b85-4180-bb37-dce36f60d6b9,needful.place,available,22.49,22.49,high,low,7,namesilo,,,03/09/2026 14:51
1891f1e5-c64a-4d57-82c1-df716f3f5def,elysian.place,available,22.49,22.49,high,low,7,namesilo,,,16/08/2026 06:18
654eba93-6b57-4072-85a0-7fac10b9aaf4,transcend.place,available,22.49,22.49,high,low,9,namesilo,,,11/09/2026 17:23
d586e04e-8a38-4615-a953-f7e700c42b88,sorely.place,available,22.49,22.49,medium,low,6,namesilo,,,16/09/2026 05:13
bbd03199-175f-4043-8bdb-15c44006346a,buying.place,premium,14,28,high,low,6,namecheap,,,
ecaee0c2-96a8-482e-89d4-279e5a8dbdd5,bankable.place,available,22.49,22.49,high,low,8,namesilo,,,08/08/2026 13:24
ea9f84f2-89b4-4ea7-acb2-611c1fee2e06,cive.place,available,22.98,30.98,medium,low,4,namecheap,,,18/09/2026 11:31
b0d5a2da-02db-4020-9d5d-dbc41bdcb62c,clemens.place,available,22.49,22.49,high,low,7,namesilo,,,27/09/2026 12:32
fa604591-4423-4be2-880e-d03a4ce7ae38,like.place,premium,78.54,78.54,high,medium,4,namesilo,,,21/09/2026 23:58
8f9f7034-f00e-481c-9096-69f2bb248b87,loyalist.place,available,22.49,22.49,high,low,8,namesilo,,,10/09/2026 18:31
9a42d44d-6871-4de3-bd4d-c321a87adc74,disgusted.place,available,22.49,22.49,medium,low,9,namesilo,,,14/08/2026 10:30
d246bf93-ab71-43ba-8223-464560b79257,function.place,available,22.49,22.49,high,low,8,namesilo,,,
66dca91e-c0e0-48e5-b186-db48baaa61fa,coddle.place,available,22.98,30.98,high,low,6,namecheap,,,21/09/2026 13:03
a53a695e-3ee6-4410-81b1-52490d633614,puku.place,available,22.49,22.49,medium,low,4,namesilo,,,17/09/2026 07:35
0a9236f7-8840-40d7-9625-a9ba4d1a9fa2,harquebus.place,available,22.98,30.98,medium,low,9,namecheap,,,20/09/2026 08:40
9c721fd9-cf8a-472d-aa51-179fff6e980d,toothed.place,available,22.49,22.49,medium,low,7,namesilo,,,17/08/2026 12:41
9875b37f-ba06-470d-a41f-579dfeb77b4e,mockingly.place,available,22.49,22.49,medium,low,9,namesilo,,,14/09/2026 12:02
8dbd4867-3887-484b-af74-417c4be0254d,appendage.place,available,22.98,30.98,medium,low,9,namecheap,,,19/09/2026 20:35
c9ac6066-81b8-474e-9434-f8d628f1fb67,egotistic.place,available,22.98,30.98,medium,low,9,namecheap,,,12/08/2026 19:55
aa33fd93-96db-4d40-b91e-48880477ea3d,taxation.place,available,22.49,22.49,high,low,8,namesilo,,,
eeb9f672-fcf0-42ba-82c4-7153f9d8205d,terrific.place,available,22.49,22.49,high,low,8,namesilo,,,25/09/2026 00:17
7a810f7c-6aa1-4f51-97db-27b2eb36da96,bibulous.place,available,22.98,30.98,low,low,8,namecheap,,,09/08/2026 18:58
37e5a0e0-fb9e-4d20-8fcf-3b307237ce37,boethius.place,available,22.49,22.49,medium,low,8,namesilo,,,19/09/2026 08:26
c2020c3f-2a20-4c37-8326-b96ceec1d3d0,sherwood.place,available,22.49,22.49,high,low,8,namesilo,,,25/09/2026 10:26
c00581e7-3884-40ef-8214-8805734f1861,brindle.place,available,22.49,22.49,medium,low,7,namesilo,,,11/08/2026 04:17
1ba481d3-12f0-4a0f-831f-5c157a956b3b,integral.place,premium,23.6,23.6,high,low,8,namesilo,,,23/09/2026 10:33
31db1215-4c0d-4d8b-b57c-ca9d4b24c1b5,runner.place,available,22.98,30.98,high,low,6,namecheap,,,21/09/2026 22:22
211adb76-0e7a-4257-bade-16921135cb52,scottish.place,available,22.49,22.49,high,low,8,namesilo,,,09/09/2026 23:35
b462841e-105c-4781-8a40-a3b3497452db,alertly.place,available,22.49,22.49,medium,low,7,namesilo,,,13/09/2026 18:40
7d098805-a535-4cba-9206-a426cf6752c5,scheming.place,available,22.49,22.49,medium,low,8,namesilo,,,11/08/2026 14:03
09328b57-f65b-43b6-9744-887acd7ae43f,wormy.place,available,22.49,22.49,medium,low,5,namesilo,,,13/08/2026 06:43
2d6e0506-822d-4494-ae36-6d2ece46dfa2,seamless.place,available,22.49,22.49,high,low,8,namesilo,,,10/09/2026 00:47
a2424476-17da-430f-8296-c1e8348f69bb,lineal.place,available,22.49,22.49,medium,low,6,namesilo,,,23/08/2026 14:16
affbc137-b555-4e33-a7f0-66383c713d0c,besom.place,available,22.98,30.98,medium,low,5,namecheap,,,23/09/2026 10:25
8aa7bd46-7916-4fa1-b956-2effef5ce5ad,leal.place,available,22.49,22.49,medium,low,4,namesilo,,,22/08/2026 22:03
b55bc906-dd6a-4799-b0d8-a7bb9ff3965f,approved.place,available,22.49,22.49,high,low,8,namesilo,,,06/08/2026 09:20
afa44f56-af6a-4d0d-878e-11266adcc471,malayan.place,available,22.49,22.49,high,low,7,namesilo,,,24/08/2026 13:44
75f3a921-f672-48a3-8b41-3d2f883ddfc1,seedless.place,available,22.49,22.49,high,low,8,namesilo,,,10/09/2026 01:45
bb76baeb-636f-42e0-9fa5-66eb5199680c,westwards.place,available,22.49,22.49,medium,low,9,namesilo,,,13/09/2026 11:02
b2bd449f-d189-4837-859c-01606d6da9fb,portsmouth.place,available,22.49,22.49,high,low,10,namesilo,,,25/09/2026 10:02
bb86e754-0336-47c7-9e07-77962f138476,superhuman.place,available,22.49,22.49,high,low,10,namesilo,,,11/09/2026 02:16
faabec07-9d1f-4f25-b79e-ba0355f16658,taxing.place,available,22.49,22.49,medium,low,6,namesilo,,,11/08/2026 10:33
6ba92549-57d5-4c97-8edb-d3f8ad4d9056,trios.place,available,22.49,22.49,medium,low,5,namesilo,,,19/09/2026 22:38
32cce5d8-c999-4292-9d51-2510efcb4452,bilgewater.place,available,22.49,22.49,medium,low,10,namesilo,,,21/09/2026 23:46
3fe1055e-1a57-418a-85cb-cf127ccd87a8,satanic.place,available,22.49,22.49,medium,low,7,namesilo,,,24/09/2026 05:47
231dc18f-6fb3-48ff-9e1b-24b1248da239,devilish.place,available,22.49,22.49,medium,low,8,namesilo,,,14/08/2026 05:06
262b255e-f747-463e-9dc5-ed22a8e175d2,driver.place,available,22.49,22.49,high,low,6,namesilo,,,
57d27883-2a88-424c-af5f-dbdbcf43e2d1,thug.place,available,22.98,30.98,high,low,4,namecheap,,,27/09/2026 08:15
9e584db3-df5e-4947-8013-e263bb3d0944,ocellated.place,available,22.49,22.49,medium,low,9,namesilo,,,04/09/2026 00:29
08fcf3d3-22d5-4729-afbc-39562f4c74ee,abkhasian.place,available,22.49,22.49,medium,low,9,namesilo,,,
bbcdb37f-498e-4ddf-bb94-7645ea44d67e,diner.place,available,22.49,22.49,high,low,5,namesilo,,,
17ae9bb8-5a3f-4731-a2b0-474b5be234d0,useless.place,available,22.49,22.49,high,low,7,namesilo,,,
00c04890-7f6e-4ab7-8b1a-e52d289fc6a9,illume.place,available,22.49,22.49,high,low,6,namesilo,,,23/08/2026 02:41
457119fc-b7aa-4ed3-8cff-44d0801dc8d3,become.place,available,22.49,22.49,high,low,6,namesilo,,,
45e85a0e-c658-43c8-bef6-b16608429364,blown.place,available,22.49,22.49,high,low,5,namesilo,,,10/08/2026 15:36
17d1318c-49db-4972-b1f1-57fb34748298,huffish.place,available,22.49,22.49,medium,low,7,namesilo,,,21/08/2026 14:38
7ea65835-2b79-4297-994e-fff00888970c,misused.place,available,22.49,22.49,medium,low,7,namesilo,,,25/08/2026 01:56
b835557f-0b55-463b-a3f8-21d0a9bcd0b2,deposit.place,available,22.49,22.49,high,low,7,namesilo,,,
9369f3da-79fa-4249-b48e-163f692c8f1d,omdurman.place,available,22.49,22.49,medium,low,8,namesilo,,,22/09/2026 15:32
4ea2da2f-f824-4208-acb6-caa0b4daa75a,balzac.place,available,22.49,22.49,medium,low,6,namesilo,,,22/09/2026 00:32
15b382a3-3a14-4cb2-aab5-4ef0a76dac14,jingly.place,available,22.49,22.49,medium,low,6,namesilo,,,22/08/2026 13:29
2075549d-2ac4-4ef6-8afd-ed7d5e3b7b64,asked.place,available,22.49,22.49,high,low,5,namesilo,,,
05872e1e-18d9-41ae-b035-581f7878208e,ending.place,available,22.49,22.49,high,low,6,namesilo,,,25/09/2026 05:36
57169d71-6d35-4b72-adc7-b473e3988c29,hussy.place,available,22.49,22.49,medium,low,5,namesilo,,,17/09/2026 10:20
7a7d800a-6e4f-4cc9-995c-10325482f382,staunch.place,available,22.98,30.98,high,low,7,namecheap,,,10/09/2026 19:22
90a99e49-b643-48d3-9a66-0328f82171f6,intimacy.place,available,22.49,22.49,high,low,8,namesilo,,,17/09/2026 14:02
d4e4ebbf-4494-4732-8ec6-fecb18948201,airmailer.place,available,22.49,22.49,medium,low,9,namesilo,,,17/09/2026 23:15
fc16f18d-0102-459a-9646-a6c52547b727,travis.place,available,22.49,22.49,high,low,6,namesilo,,,25/09/2026 13:01
f82c5e28-812a-47bf-860d-4ae25b6041b7,fortified.place,available,22.49,22.49,high,low,9,namesilo,,,09/08/2026 00:17
6a8a2648-362f-4052-a091-5c0686ad075a,nebular.place,available,22.49,22.49,medium,low,7,namesilo,,,12/08/2026 12:39
8632901b-5e30-41d5-b4e7-a1d96aa28ef2,checker.place,available,22.49,22.49,high,low,7,namesilo,,,24/09/2026 13:59
e0307630-db75-4efc-a8b7-bcb88e0ff58d,facilitation.place,available,22.49,22.49,high,low,12,namesilo,,,17/09/2026 01:02
83686590-0406-410c-8519-8c1f2b29696b,term.place,available,22.49,22.49,high,low,4,namesilo,,,
5d65e5ea-956e-41b4-a762-3db3bff04bd5,boston.place,premium,14,28,high,low,6,namecheap,,,
8320a5e2-b9e3-4f41-bfa6-f1f87cd8fbfd,gauche.place,available,22.49,22.49,medium,low,6,namesilo,,,18/08/2026 20:41
a87c1240-2d5e-45cf-87d3-8e9e41bcb39c,multiplex.place,available,22.49,22.49,high,low,9,namesilo,,,24/08/2026 15:08
2796fd15-a124-4325-8657-5934ede774da,propensity.place,available,22.49,22.49,high,low,10,namesilo,,,22/08/2026 22:09
6105fa86-92d7-48ad-93bf-4ebe23e55b3c,webbed.place,available,22.49,22.49,medium,low,6,namesilo,,,03/09/2026 16:04
78253027-7a4b-4500-8836-6c9501aecb5d,radiant.place,available,22.49,22.49,high,low,7,namesilo,,,15/08/2026 16:24
07d5d7a5-d36b-4eeb-8541-ab64eb9f0c0c,rewarding.place,available,25.99,,high,low,9,name.com,,,
8bce3f78-9d9a-40f0-8a57-656dbb6fdf09,ampicillin.place,available,22.49,22.49,medium,low,10,namesilo,,,18/09/2026 23:35
a33ff63e-5d07-418a-8d78-f2666bee6840,unreported.place,available,22.98,30.98,medium,low,10,namecheap,,,12/09/2026 18:19
98dc6429-6888-4d63-8d3e-a0fdb92c3c15,abyssal.place,available,22.49,22.49,medium,low,7,namesilo,,,
e0ba202b-7b64-486a-9579-7010d33b0ce9,agni.place,available,22.98,30.98,medium,low,4,namecheap,,,17/09/2026 18:43
23497181-d049-4d1a-964a-988e0a31905d,prompts.place,available,22.49,22.49,high,medium,7,namesilo,,,20/09/2026 08:06
2e589514-a55b-451a-8a04-3cd865446730,highland.place,available,22.98,30.98,high,low,8,namecheap,,,21/08/2026 09:16
403abc4f-6e91-4247-8c57-ae31ee7b2e76,barbell.place,available,22.49,22.49,high,low,7,namesilo,,,22/09/2026 04:49
b86ea6b7-c8ed-4569-ba9f-5b893530695f,slipped.place,available,22.49,22.49,high,low,7,namesilo,,,18/09/2026 02:25
5ab8faa3-24a2-484f-962d-cf913f901369,rico.place,available,22.49,22.49,high,low,4,namesilo,,,19/09/2026 14:11
eca4a676-8af2-4cc2-b08a-9c39e77e2c36,asuncion.place,available,22.98,30.98,high,low,8,namecheap,,,20/09/2026 18:23
559a9cb4-75fb-4f8f-af74-62e65a5d71e6,acth.place,available,22.49,22.49,medium,low,4,namesilo,,,17/09/2026 04:25
47b9a77b-80d6-4bc9-a604-d450e6e8ecf7,jon.place,premium,42.9,85.8,high,low,3,namecheap,,,25/09/2026 14:02
a0ef5e4c-f4c3-4353-ad3c-5f56f216bb21,brought.place,available,22.49,22.49,medium,low,7,namesilo,,,
c0afd18e-f7df-4a52-97e4-4417b1478566,calculable.place,available,22.49,22.49,high,low,10,namesilo,,,11/08/2026 13:54
ded48536-188d-4c44-b4b9-a27706a75b5c,hutton.place,available,22.49,22.49,high,low,6,namesilo,,,25/09/2026 07:41
808658c8-1bd4-4667-8038-bd6cd11e2368,wilde.place,available,22.98,30.98,high,low,5,namecheap,,,25/09/2026 09:39
34781ab1-c4d7-4132-8ff9-7e2350952ed2,civilized.place,available,22.49,22.49,high,low,9,namesilo,,,12/08/2026 09:06
f2cf3bdf-a452-4aff-b167-2269ded02396,respond.place,available,25.99,,high,low,7,name.com,,,
d7bca3c4-4a9f-4222-9bd5-947cc52bb911,nevada.place,available,22.49,22.49,high,low,6,namesilo,,,
083983c0-4e2e-4e08-a6ad-f8428dae696e,navigable.place,available,22.49,22.49,medium,low,9,namesilo,,,03/09/2026 14:13
bb3286fa-cfc1-4e04-8515-8eb93cbbe5c1,magpie.place,available,22.49,22.49,high,low,6,namesilo,,,21/09/2026 12:29
a907571f-3da5-4541-893e-961fffb0bc41,alir.place,available,22.49,22.49,medium,low,4,namesilo,,,17/08/2026 22:11
de3ddc38-0915-40e3-9db4-0d1b51810b24,glassed.place,available,22.49,22.49,medium,low,7,namesilo,,,20/08/2026 14:07
fc56cc1d-4bee-49b0-8b7b-4ca014c5b123,flavorless.place,available,22.49,22.49,medium,low,10,namesilo,,,10/08/2026 12:57
7ca60676-acf2-427d-be40-4e12e51cee3b,mismatched.place,available,22.49,22.49,medium,low,10,namesilo,,,25/08/2026 01:36
8c20cb8d-ccf7-4e64-b17b-9a7406e8a09d,ophthalmic.place,available,22.49,22.49,medium,low,10,namesilo,,,04/09/2026 16:33
3273ce15-54ba-4945-8a7f-2f74ca36720e,kilobyte.place,available,22.49,22.49,high,low,8,namesilo,,,
46f3317e-13ca-462f-9447-e58cf085fc45,recessive.place,available,22.49,22.49,medium,low,9,namesilo,,,09/09/2026 11:25
760c6221-ff92-4203-b1ab-6fb571ad2092,yards.place,available,22.98,30.98,high,low,5,namecheap,,,25/09/2026 05:56
f09b6873-d164-4ae2-ad37-a2095b8e5d85,deposits.place,available,22.49,22.49,medium,low,8,namesilo,,,
a5345b4b-8da4-42d7-80b4-558a86f740d4,ecology.place,available,22.49,22.49,high,low,7,namesilo,,,23/09/2026 18:42
b25e1b4b-adb8-4f73-8b56-741a0ad887bc,koch.place,available,22.49,22.49,high,low,4,namesilo,,,25/09/2026 08:52
220f4f79-86c2-4267-9dbd-25ee44bb1b45,greetings.place,available,22.49,22.49,high,low,9,namesilo,,,
1d3111ac-0b95-4e49-bd93-860a57b2c35b,anaemia.place,available,22.49,22.49,medium,low,7,namesilo,,,
14fd2a3e-d3ed-41d7-9134-e459fb3e50e1,annona.place,available,22.49,22.49,medium,low,6,namesilo,,,19/09/2026 10:30
417f1d97-2686-4954-820f-a5e587b6ec9b,sanford.place,available,22.49,22.49,high,low,7,namesilo,,,25/09/2026 16:16
9f960852-bf37-45d6-8c23-8af00213e22e,loop.place,available,,,high,high,4,,,,
50879450-5e49-4f06-b113-24247c66a5cd,courtney.place,available,22.98,30.98,high,low,8,namecheap,,,25/09/2026 21:37
cfdf7ac5-7bf4-4a1b-a625-ddfd22ffe6a0,encumbered.place,available,22.98,30.98,medium,low,10,namecheap,,,17/08/2026 00:40
25812b3e-2ee6-4aa3-98d7-88f1a431f247,participle.place,available,22.49,22.49,medium,low,10,namesilo,,,08/09/2026 02:05
2fbf9a02-0ac5-4004-bd8c-e5890d25f8d1,permutation.place,available,25.99,,high,low,11,name.com,,,
95cf1655-024e-4891-961a-4812bf862478,arced.place,available,22.49,22.49,medium,low,5,namesilo,,,06/08/2026 14:28
5c229ec5-40ef-4711-b491-9f2da9c07153,valueless.place,available,22.49,22.49,medium,low,9,namesilo,,,13/09/2026 01:01
f799279b-cefd-4516-8f1b-a2c28c603e19,stink.place,available,22.49,22.49,high,low,5,namesilo,,,
78a57780-da58-4095-8fe6-28f2d8a84760,araneae.place,available,22.49,22.49,medium,low,7,namesilo,,,20/09/2026 00:06
8d456ed9-cc11-43ab-b16c-6b7fc863103d,iodin.place,available,22.49,22.49,high,low,5,namesilo,,,21/08/2026 17:26
ef42300b-2b37-45e3-8be6-9881f00f3589,saving.place,available,22.98,30.98,high,low,6,namecheap,,,25/09/2026 13:46
682fd0ad-8fdd-45c6-a249-bc8f383b6f05,understandable.place,available,22.49,22.49,high,low,14,namesilo,,,
8de737cb-c743-4d6c-ac4e-efbf035193f6,playaround.place,available,22.49,22.49,medium,low,11,namesilo,,,17/09/2026 06:03
177d5888-96fd-4733-943c-507ed549976d,luncheon.place,available,22.49,22.49,high,low,8,namesilo,,,
bcfa71b8-7087-46e0-81b5-20efcc3fd944,griffith.place,available,22.98,30.98,high,low,8,namecheap,,,25/09/2026 04:33
7ece71aa-34d9-446a-9290-041ca55f3e7b,listener.place,available,22.49,22.49,high,low,8,namesilo,,,21/09/2026 01:30
845ef9bb-a76e-4ca7-bfd3-0f04648882ba,bickering.place,available,22.49,22.49,medium,low,9,namesilo,,,23/09/2026 13:12
caa6d96c-c82d-4a5b-b60f-a69d3cba0f58,batna.place,available,22.98,30.98,medium,low,5,namecheap,,,22/09/2026 14:06
deb79705-fe35-4769-9c41-dd2912de3db0,peaky.place,available,22.49,22.49,medium,low,5,namesilo,,,08/09/2026 11:10
3927cb2e-3f6d-42ec-bcb7-b098a7b5177c,quieter.place,available,22.49,22.49,high,low,7,namesilo,,,
7cbd2824-bec5-4d04-b116-374fca5d04c6,retinal.place,available,22.49,22.49,high,low,7,namesilo,,,09/09/2026 15:37
43fcca53-21d3-4791-9bf0-3c6416f5996e,anisette.place,available,22.49,22.49,medium,low,8,namesilo,,,19/09/2026 09:29
8bad7517-05ff-47a4-8b11-b4415594526a,mucky.place,available,22.49,22.49,medium,low,5,namesilo,,,10/08/2026 17:06
1a46e240-0e4b-4924-b2e0-89655ce33b89,dilate.place,available,22.49,22.49,high,low,6,namesilo,,,16/08/2026 00:39
388bc6c8-3f69-4a45-b41f-4c8fa1264c91,roiled.place,available,22.49,22.49,medium,low,6,namesilo,,,
63196d07-ddf9-4483-9ead-94caf9ddfcde,abreaction.place,available,22.49,22.49,medium,low,10,namesilo,,,16/09/2026 17:06
c494df96-41e6-48c6-8c42-3581e65b732b,privately.place,available,22.49,22.49,high,low,9,namesilo,,,15/09/2026 04:43
b8dd959c-82e8-45ee-bece-93ecfd6b673a,drag.place,available,22.98,30.98,high,low,4,namecheap,,,25/09/2026 22:05
0f50b126-2fea-4ad5-b899-08f4800df553,trouble.place,premium,13,26,high,low,7,namecheap,,,24/09/2026 07:29
2ecb85e3-e207-4fad-a5ae-f48fbe078fc8,conception.place,available,22.98,30.98,high,low,10,namecheap,,,24/09/2026 17:07
71da8df8-7c6d-48a1-80ef-406ae6357822,alauda.place,available,22.98,30.98,high,low,6,namecheap,,,18/09/2026 02:15
dd99aae2-1d0e-484c-83c9-978cbf8ba90f,clause.place,available,22.49,22.49,high,low,6,namesilo,,,24/09/2026 15:20
4006cc4f-479f-4f55-b65f-b9d44cce8387,anion.place,available,25.99,27.99,medium,low,5,name.com,,,19/09/2026 09:23
deef2acd-64f5-4d8a-9b8d-93682af08385,ackee.place,available,22.49,22.49,medium,low,5,namesilo,,,17/09/2026 01:52
a56d654c-6d72-4378-b814-c3358b4015ad,venial.place,available,22.49,22.49,medium,low,6,namesilo,,,18/08/2026 12:00
092ca7c5-1da2-4d45-8adb-3ede56fa2e7d,penalties.place,available,22.49,22.49,high,low,9,namesilo,,,
321bdb87-fd5c-46a8-81d1-3f655a615cd6,jackfruit.place,available,22.49,22.49,high,low,9,namesilo,,,20/09/2026 11:58
3e62dbd4-6b34-43ac-98e1-7338786a0bfe,runaway.place,available,22.49,22.49,high,low,7,namesilo,,,18/08/2026 17:46
8deab366-e16b-4871-b64d-21dcbc83adf1,looks.place,available,22.49,22.49,high,low,5,namesilo,,,
904eba39-7e45-4151-9213-87af0f5fc75c,review.place,premium,130,260,high,medium,6,namecheap,,,25/09/2026 13:33
92612820-ec51-4925-8397-88aa309f0535,overland.place,available,22.98,30.98,high,low,8,namecheap,,,04/09/2026 20:56
778ad4fa-5ed5-4cdf-bf33-9bad489cd822,stephenson.place,available,22.49,22.49,high,low,10,namesilo,,,25/09/2026 06:30
68a9ddd3-647e-47f2-bd75-12ca2a73d6a7,compute.place,available,22.49,22.49,high,low,7,namesilo,,,19/09/2026 14:03
72330c54-03db-4f86-929b-88ce8380faea,bedsit.place,available,22.49,22.49,high,low,6,namesilo,,,22/09/2026 23:36
d6643c95-360a-4bee-a019-c755b3a0112f,baldrick.place,available,22.49,22.49,medium,low,8,namesilo,,,21/09/2026 21:46
9bc95585-4084-4355-a40b-f314faae542d,dagger.place,available,22.98,30.98,high,low,6,namecheap,,,24/09/2026 20:52
3cb771e9-f161-4529-a3f9-5e230a94c37a,centrical.place,available,22.49,22.49,high,low,9,namesilo,,,12/08/2026 00:12
378daadd-5a43-44ef-bec2-8e7430d73b3b,praiseful.place,available,22.98,30.98,medium,low,9,namecheap,,,22/08/2026 20:51
58054849-0023-4dce-a536-e1665198ae39,hobbies.place,available,22.49,22.49,medium,low,7,namesilo,,,20/09/2026 22:38
6a807935-f695-41e7-aa66-cf3bf5a389f3,curd.place,available,22.98,30.98,high,low,4,namecheap,,,24/09/2026 20:24
e699297b-d495-4211-acda-3e3446350473,reputably.place,available,22.49,22.49,medium,low,9,namesilo,,,15/09/2026 23:17
bc41f632-5269-40b0-a132-4ea12408ded8,mrna.place,available,22.49,22.49,high,low,4,namesilo,,,25/09/2026 23:11
d8cb1ad9-ed50-44b5-ad75-3012f12257c3,trashy.place,available,22.49,22.49,medium,low,6,namesilo,,,18/08/2026 06:44
3e33176d-bcd2-4ca8-9b7f-1578421840b4,heroic.place,available,22.49,22.49,high,low,6,namesilo,,,24/09/2026 14:31
c345af28-7349-4425-a99f-cf4d21f9b2b1,synaptic.place,available,22.49,22.49,high,low,8,namesilo,,,11/09/2026 06:09
fbcb7aeb-2405-42e3-9273-330491c1c6a2,varicella.place,available,22.49,22.49,medium,low,9,namesilo,,,24/09/2026 14:29
d3598a8d-c66f-4624-a71e-1768c0adf36a,barbette.place,available,22.49,22.49,medium,low,8,namesilo,,,22/09/2026 04:54
9c15510f-840c-4a0c-97ff-83f0e7a9b5aa,apostasy.place,available,25.99,27.99,medium,low,8,name.com,,,19/09/2026 19:16
8b78c092-3a76-4446-b9d9-8cec28e46458,pouring.place,available,22.49,22.49,high,low,7,namesilo,,,20/08/2026 21:01
c7735ab8-cbcb-414b-b25d-e7daf254a6e0,heap.place,available,22.49,22.49,high,low,4,namesilo,,,25/08/2026 00:28
e577529b-63c3-4977-a5dc-bdccdf9024ae,misgiving.place,available,22.49,22.49,medium,low,9,namesilo,,,24/09/2026 23:11
ad0d607e-a539-453a-b34b-315314280bd7,culture.place,available,22.98,30.98,high,medium,7,namecheap,,,27/09/2026 02:07
eee724d0-e10c-4d24-9a4c-2fc386f8df1c,pages.place,available,22.49,22.49,high,low,5,namesilo,,,17/09/2026 10:38
5fe701ab-f358-4be2-9e16-c9ecc8719f7f,benumb.place,available,22.49,22.49,medium,low,6,namesilo,,,03/09/2026 22:47
99c2bc92-9927-49d4-80c6-d305014eab03,arriviste.place,available,22.49,22.49,medium,low,9,namesilo,,,03/09/2026 22:17
2ba9193f-d1c8-43bc-ab40-b2be0e34538f,erogenous.place,available,22.49,22.49,medium,low,9,namesilo,,,17/08/2026 12:28
3ca65174-22b3-4b33-b8cc-f73463dc712f,spunky.place,available,22.49,22.49,high,low,6,namesilo,,,18/08/2026 00:49
bd3314e2-7304-4d39-aa7c-2ea168c3b25b,infamous.place,available,22.98,30.98,high,low,8,namecheap,,,21/08/2026 19:04
ed7e8349-ad35-4dfb-ab1e-53ef488f9bad,sublimed.place,available,22.49,22.49,medium,low,8,namesilo,,,11/09/2026 00:03
00ca2a30-f870-42f1-a2aa-edbcd3bc83be,plait.place,available,22.49,22.49,high,low,5,namesilo,,,24/09/2026 07:55
cad687a9-b5db-4e6a-9957-df8499fe56e3,pictorial.place,available,22.49,22.49,high,low,9,namesilo,,,23/08/2026 01:46
9fe4e761-eebb-4d7f-bd1d-dd5e9bc9c0d6,carousing.place,available,22.49,22.49,medium,low,9,namesilo,,,08/08/2026 04:24
3e501d3c-84f1-40be-841d-73a0b290cce4,grassless.place,available,22.98,30.98,medium,low,9,namecheap,,,20/08/2026 18:13
9ff57da1-adbe-4f73-a88c-421d9ee3c54d,bryan.place,available,25.99,,high,low,5,name.com,,,
97b28472-299f-4f7e-be56-e76bd93dab3e,birdseed.place,available,22.98,30.98,high,low,8,namecheap,,,23/09/2026 19:50
fdd9d953-6db2-45c4-b915-6215ed863761,collected.place,available,22.49,22.49,high,low,9,namesilo,,,12/08/2026 17:00
93871236-e201-46c9-a0e1-9e540e79e20b,planted.place,available,22.49,22.49,high,low,7,namesilo,,,24/09/2026 04:59
ad91ae3e-3a2f-47cc-8e92-6ec36c2ad76b,gustative.place,available,22.98,30.98,medium,low,9,namecheap,,,20/08/2026 21:08
2d4b2ac9-c8e0-4752-87c1-7ef8316df98f,tegular.place,available,22.49,22.49,medium,low,7,namesilo,,,11/09/2026 10:16
38ecbfb2-028a-44ff-9330-ea81369a6afb,footing.place,available,22.49,22.49,high,low,7,namesilo,,,22/09/2026 11:02
da4cd9d0-e0c4-471f-b854-13ad44429540,allargando.place,available,22.49,22.49,medium,low,10,namesilo,,,
81a26cf0-bae4-4296-be99-484364cf14ab,tinned.place,available,22.49,22.49,medium,low,6,namesilo,,,11/09/2026 16:17
9dd6e90c-7cf2-4c33-b2a0-fbb2c9591e64,bennet.place,available,22.49,22.49,high,low,6,namesilo,,,23/09/2026 08:30
9076db43-043d-4808-bfa3-5b7daaa6d4ef,cynic.place,available,22.98,30.98,high,low,5,namecheap,,,24/09/2026 20:49
5612be27-02e0-46c2-89a5-5c9cafe72d0e,petrous.place,available,22.98,30.98,medium,low,7,namecheap,,,08/09/2026 18:24
6d7c8ef4-91b0-4d88-b705-f202c2a355c8,purses.place,available,22.49,22.49,medium,low,6,namesilo,,,20/09/2026 11:07
045a6b3d-7d5d-4120-89dd-5579f42249df,tousled.place,available,22.49,22.49,medium,low,7,namesilo,,,14/08/2026 11:02
c6882f65-3138-4697-8b03-35016d575394,freshman.place,available,22.49,22.49,high,low,8,namesilo,,,18/08/2026 05:23
255179ea-3618-4227-969f-af1075f9de3a,establishments.place,available,22.49,22.49,medium,low,14,namesilo,,,
20e1b375-a725-475f-955b-c70feac668d4,tradition.place,available,22.49,22.49,high,low,9,namesilo,,,
6f506673-db33-4523-aae3-51514f84eb3f,aplomb.place,available,22.98,30.98,high,low,6,namecheap,,,19/09/2026 17:47
92055494-1255-4c13-84ee-ea20317325e5,cares.place,available,22.49,22.49,medium,low,5,namesilo,,,27/09/2026 02:10
efc296c4-db22-4d38-bf4a-bf8273ebcc0e,employees.place,available,22.49,22.49,medium,low,9,namesilo,,,27/09/2026 02:50
2692a171-3cfe-4924-b162-89266f6eb727,minus.place,available,22.49,22.49,high,low,5,namesilo,,,25/08/2026 00:55
55a6cac7-754f-4e82-b114-49dcd42a7714,waiter.place,available,22.49,22.49,high,low,6,namesilo,,,
2dacfcf6-3dcf-4fb0-a56a-9bb19dafa2ea,jailed.place,available,22.49,22.49,medium,low,6,namesilo,,,19/09/2026 04:16
ee6fa238-54a8-46fd-8a34-a58b78275ae4,mogadishu.place,available,22.49,22.49,medium,low,9,namesilo,,,24/09/2026 12:23
4d84ae73-3ae6-42ca-84cc-8dc51e2611ca,faithless.place,available,22.98,30.98,medium,low,9,namecheap,,,17/08/2026 21:14
3c4a38d0-1ae9-4b5e-a80a-3f6fb1544d05,alzheimers.place,available,22.49,22.49,medium,low,10,namesilo,,,18/09/2026 15:29
e564d6f8-bf9e-4142-bbd2-485834a302bd,qualifying.place,available,22.49,22.49,high,low,10,namesilo,,,23/08/2026 12:37
11d2bf26-e787-4e26-87c7-6acca854cc20,anova.place,available,22.49,22.49,high,low,5,namesilo,,,19/09/2026 01:59
fed2008b-56c6-4a0b-8ed3-35c0177c5a93,pancreas.place,available,22.49,22.49,high,low,8,namesilo,,,
f2ae7a50-ad3c-49cc-9b04-f6a475f928bb,alborg.place,available,22.49,22.49,medium,low,6,namesilo,,,16/09/2026 13:12
d9b37321-5539-42de-bf36-d11850af4ac9,anhydrous.place,available,22.49,22.49,medium,low,9,namesilo,,,
4a2bc8db-84ed-4e33-b47c-44a271379ed4,pellucid.place,available,22.49,22.49,high,low,8,namesilo,,,13/08/2026 09:44
d89a682a-994e-4230-a116-dcd81029fd94,pillage.place,available,22.49,22.49,medium,low,7,namesilo,,,08/09/2026 21:56
51d2b660-621b-4520-bfbd-a3b4397102ae,stormy.place,available,22.49,22.49,medium,low,6,namesilo,,,
ac7753b3-ff9a-4441-8c47-f796f3967633,impelling.place,available,22.49,22.49,medium,low,9,namesilo,,,21/08/2026 22:04
5427d1aa-8dc5-4290-848d-d1d8e6292ef0,prostatic.place,available,22.49,22.49,medium,low,9,namesilo,,,09/09/2026 03:53
0486f321-6354-4be9-963a-858b363a2eab,potassium.place,available,22.98,30.98,high,low,9,namecheap,,,20/09/2026 22:30
27cdccac-de8d-48b6-906f-9784f8969072,firefighter.place,available,25.99,,high,low,11,name.com,,,
d5443a7b-f1f3-4e22-818f-37cf3f9421b5,chest.place,available,22.98,30.98,high,low,5,namecheap,,,24/09/2026 10:14
6af24c79-690d-41f5-82cf-54bb1b3d37eb,lightsome.place,available,22.49,22.49,high,low,9,namesilo,,,10/08/2026 14:41
ecfd144a-e534-43e0-90bb-4f192a5199f1,cosy.place,resell,,,high,low,4,"Spaceship, Inc.",22/06/2026 19:43,22/06/2027 19:43,26/09/2026 05:16
7c70c345-9a6e-44e8-a03f-33c97fb081b0,uncontrollable.place,available,22.49,22.49,medium,low,14,namesilo,,,
d9e4a283-f113-48fd-9309-8d21e427c6c7,smokeless.place,available,22.49,22.49,high,low,9,namesilo,,,10/09/2026 11:57
384504f1-1845-4572-8f81-8447751b4ed6,ardently.place,available,22.49,22.49,medium,low,8,namesilo,,,13/09/2026 20:41
61c29927-ff41-4f16-8e5a-b6dbf2e18ec3,aqueous.place,available,22.49,22.49,medium,low,7,namesilo,,,06/08/2026 10:50
4798c8bd-5798-4c9b-9e4b-d37fe5cd5ead,streetfighter.place,available,25.99,,medium,low,14,name.com,,,
25fb4450-11b8-48eb-8bf1-86ea0308443a,goddamned.place,available,22.49,22.49,medium,low,9,namesilo,,,10/08/2026 12:48
3817e0e7-541f-4b85-b57c-49ed784c260d,minimized.place,available,22.49,22.49,medium,low,9,namesilo,,,24/08/2026 23:53
c29a8c10-b218-47d3-913a-8559649202c5,bodies.place,available,22.49,22.49,medium,low,6,namesilo,,,25/09/2026 16:46
3da28e41-d225-4bab-bb09-d795e779c411,borderline.place,available,22.49,22.49,high,low,10,namesilo,,,23/09/2026 00:01
77f6ca48-4c9e-47ba-b194-1bc78d79d6bc,gilded.place,available,22.49,22.49,high,low,6,namesilo,,,14/08/2026 00:55
ffe2153f-cdf6-4a93-bda1-2296abcf1e2a,basalt.place,available,22.49,22.49,medium,low,6,namesilo,,,22/09/2026 09:53
de0b799c-1444-4ea0-a1ba-d7f5f55f1586,learns.place,available,22.98,30.98,medium,low,6,namecheap,,,20/09/2026 05:46
6e9eaefb-1ec9-4760-9abf-87fec9e6fe10,diagnosis.place,available,25.99,27.99,high,low,9,name.com,,,24/09/2026 22:08
10e2bd69-58ee-4c3a-8304-ca667ad4e73f,pinch.place,available,22.49,22.49,high,low,5,namesilo,,,
1a63c3ed-a922-4295-ba41-e260160f0c41,shrub.place,available,22.49,22.49,high,low,5,namesilo,,,23/09/2026 11:56
ad464f42-9163-4104-af74-979a29e837c2,evasive.place,available,22.49,22.49,medium,low,7,namesilo,,,17/08/2026 14:47
92deee08-3742-4698-bf82-b8d5f1639aa1,strengths.place,available,22.49,22.49,medium,low,9,namesilo,,,18/09/2026 22:25
c5dcb969-e867-4ef1-87bf-a76f146d3ea8,officers.place,available,22.49,22.49,medium,low,8,namesilo,,,
68ee787d-fcd9-4334-b1e4-5787018257aa,rounded.place,available,22.49,22.49,high,low,7,namesilo,,,19/09/2026 15:40
b42bf3ee-101a-44f2-9bc6-58258f324564,churchman.place,available,22.49,22.49,high,low,9,namesilo,,,14/08/2026 23:29
6d486df0-6f8a-419d-8cdc-4d7967a5b481,peevish.place,available,22.49,22.49,medium,low,7,namesilo,,,22/08/2026 10:21
e289a7f3-6c62-4a9d-80c9-9e99c896e075,delicacy.place,available,25.99,27.99,high,low,8,name.com,,,13/08/2026 15:51
f8845d89-022d-4006-9b6a-211842dd1945,oxidised.place,available,22.49,22.49,medium,low,8,namesilo,,,04/09/2026 22:28
f130dad8-5062-48bb-aa48-a0b17b43e4ed,baggy.place,available,22.49,22.49,high,low,5,namesilo,,,22/09/2026 16:21
dbfeb2c8-f234-4117-9b90-45845144de87,alisma.place,available,22.98,30.98,medium,low,6,namecheap,,,18/09/2026 08:02
5c6532b1-7d5e-4fae-84a9-32ea538975ab,sotho.place,available,22.49,22.49,medium,low,5,namesilo,,,10/09/2026 14:39
b1fa950c-f8e0-4d7d-994f-3608c18ca5d6,foregone.place,available,22.49,22.49,medium,low,8,namesilo,,,11/08/2026 12:10
177add55-1259-4933-8f35-db4d6cddb97f,organizations.place,available,22.49,22.49,medium,low,13,namesilo,,,
6f403ed9-5ef3-4278-a5e2-0fd7270e70d9,washed.place,available,22.49,22.49,high,low,6,namesilo,,,13/09/2026 08:31
61311712-5dcd-4c76-9d51-1cf64b57540d,bentwood.place,available,22.49,22.49,medium,low,8,namesilo,,,23/09/2026 08:47
e0ce7492-044e-45a3-9518-38bb0267beaf,bitters.place,available,22.49,22.49,high,low,7,namesilo,,,23/09/2026 23:09
b0299f3e-9008-485f-a9bd-39c62aa2a474,blanket.place,available,22.49,22.49,high,low,7,namesilo,,,08/09/2026 07:17
477983a6-f925-4e2c-96f3-fd6fded1c21d,sousaphone.place,available,22.49,22.49,medium,low,10,namesilo,,,22/09/2026 11:51
65f63343-09ec-4d5a-a249-3e3fe213d188,snowdrop.place,available,22.98,30.98,high,low,8,namecheap,,,19/09/2026 05:27
2585c352-cd55-4c9e-8184-6abaf8df0601,biology.place,available,22.49,22.49,high,low,7,namesilo,,,24/09/2026 02:45
cafe51bd-2a0a-469b-b6f1-34339b8538fc,lumpen.place,available,22.49,22.49,medium,low,6,namesilo,,,24/08/2026 11:14
7608569d-69e4-4d1d-8aad-9ee361c131fc,shakable.place,available,22.49,22.49,medium,low,8,namesilo,,,10/09/2026 05:32
eedaa3be-3184-4613-abf7-05eeda4a33b7,roofless.place,available,22.49,22.49,medium,low,8,namesilo,,,14/08/2026 12:09
115fa015-2468-421c-b33e-3edbde8a523c,devoured.place,available,22.49,22.49,low,low,8,namesilo,,,19/09/2026 23:51
43912ee7-da3e-49eb-9117-e470a92b21cf,sinless.place,available,22.49,22.49,medium,low,7,namesilo,,,21/08/2026 21:57
eff751bd-0178-44b7-bb2c-d9f64e32af9f,police.place,available,22.49,22.49,high,low,6,namesilo,,,
01a9cf21-af55-43a8-a867-8a32d5a4ac2e,captured.place,available,22.49,22.49,medium,low,8,namesilo,,,27/09/2026 02:07
1f1eb00a-db26-46d9-bae4-1403fd8463ab,suddenly.place,available,25.99,27.99,medium,low,8,name.com,,,13/08/2026 19:19
797347e6-84d7-4b34-8fb3-0dc13b3f9a06,spatter.place,available,22.98,30.98,medium,low,7,namecheap,,,15/09/2026 20:19
a8d8caf2-f147-4ef0-a980-1240a1fc3e26,haul.place,available,22.98,30.98,high,low,4,namecheap,,,27/09/2026 12:17
20cb9312-fb9a-444b-b3d2-f4fa803d46e3,merciless.place,available,22.49,22.49,medium,low,9,namesilo,,,24/08/2026 20:36
bd17ea89-5eca-47ce-8cf2-ec3400d1386d,acceptable.place,available,22.98,30.98,high,low,10,namecheap,,,21/09/2026 15:23
819507ee-19fb-4bdb-9a03-f9fa7880699b,atkins.place,available,22.49,22.49,high,low,6,namesilo,,,25/09/2026 17:28
379bcb54-26e9-4d9e-8133-bf1b769bab9f,demonstrated.place,available,22.98,30.98,high,low,12,namecheap,,,17/09/2026 21:56
fc24e6cb-a8e1-4de3-9e2d-5e0c8dcf3795,halab.place,available,22.49,22.49,medium,low,5,namesilo,,,18/09/2026 05:12
1aab7bff-0eda-4106-981a-3ff88dad1918,subtle.place,available,22.49,22.49,high,low,6,namesilo,,,
49bb5ebd-89e6-4103-8989-4e759e0e3a1e,bigwig.place,available,22.49,22.49,high,low,6,namesilo,,,23/09/2026 15:30
1eb26e1c-f472-43da-80eb-2c0820739b09,revolved.place,available,25.99,,medium,low,8,name.com,,,
074a6900-450a-484a-8464-b94ff34133d1,wegener.place,available,22.98,30.98,medium,low,7,namecheap,,,18/09/2026 06:39
f99c504f-ad19-4dac-bb0a-09ab29b1bd21,though.place,available,22.49,22.49,medium,low,6,namesilo,,,16/09/2026 08:58
9ef9d069-3592-415b-981a-f302cde42be8,sanction.place,available,22.49,22.49,high,low,8,namesilo,,,03/09/2026 23:24
367639a3-1656-4e31-b4f6-e6f67dca79ff,inst.place,available,22.49,22.49,high,low,4,namesilo,,,22/08/2026 07:26
fad9f9e8-f240-409c-98ca-5efdbca364ec,storm.place,available,22.49,22.49,high,medium,5,namesilo,,,25/09/2026 10:14
a374b007-8061-4231-ba18-9210be65f400,vicious.place,available,22.49,22.49,medium,low,7,namesilo,,,08/08/2026 16:00
1590efc2-6804-4c29-914f-38d55e110dbd,messenger.place,available,22.49,22.49,high,low,9,namesilo,,,24/09/2026 18:45
dc489fd5-820c-4f57-aa01-24ff699e148b,pinched.place,available,22.98,30.98,high,low,7,namecheap,,,10/08/2026 18:58
601a79e1-d55f-47b9-8027-0a0a08f7ddd8,waning.place,available,22.49,22.49,high,low,6,namesilo,,,13/09/2026 08:04
99861e95-406b-434a-8ce0-50e456627696,stopped.place,available,22.49,22.49,high,low,7,namesilo,,,
c4d572f1-2e01-47aa-8317-9da4825bec1e,silvertip.place,available,22.49,22.49,high,low,9,namesilo,,,20/08/2026 20:13
82647532-7e34-4444-b11f-48f9b5c3028a,scapegrace.place,available,22.98,30.98,medium,low,10,namecheap,,,24/09/2026 01:41
45747ee0-40ae-4702-92a3-80c4e281ef27,jutting.place,available,22.49,22.49,medium,low,7,namesilo,,,22/08/2026 14:44
795e792f-7a94-4009-bef8-f40d71af809f,piglet.place,available,22.49,22.49,high,low,6,namesilo,,,19/09/2026 22:30
c38ae0df-fa81-47ae-b3ab-2eb75abfa167,brimming.place,available,22.49,22.49,medium,low,8,namesilo,,,11/08/2026 04:12
bd55bfb3-5bb5-4434-8b4f-06e47bd4f9ed,tearing.place,available,22.49,22.49,high,low,7,namesilo,,,11/09/2026 09:42
f0b358f0-3fe0-4b72-86b0-b59928e4c98f,razorbill.place,available,22.49,22.49,medium,low,9,namesilo,,,18/09/2026 03:39
ee77e55d-7382-448d-968b-22a9b33d01dd,downright.place,available,22.98,30.98,high,low,9,namecheap,,,14/08/2026 17:50
be45499c-97e0-4a87-941a-444d26347508,akan.place,available,22.49,22.49,high,low,4,namesilo,,,17/09/2026 23:50
92781f6f-c126-4771-aa22-146c6d7b7a30,airspeed.place,available,22.49,22.49,high,low,8,namesilo,,,17/09/2026 23:22
6ea5d610-9b27-4e9c-8cfe-f77715b9aa37,adamance.place,available,22.98,30.98,medium,low,8,namecheap,,,17/09/2026 06:15
4bd44b0d-edb4-4ce4-a643-84a8c353ea85,joining.place,available,22.49,22.49,high,low,7,namesilo,,,25/09/2026 23:20
e6abf791-da7a-4fbc-a6af-82487dca0da3,skim.place,available,22.49,22.49,high,low,4,namesilo,,,10/09/2026 09:32
e137b570-bc8c-48d4-95b7-fc5a3822c16e,quartet.place,available,22.49,22.49,high,low,7,namesilo,,,
a647d419-63b7-4141-8f5c-c3cbe6307fdf,roman.place,premium,78.54,78.54,high,low,5,namesilo,,,27/09/2026 02:43
29abc946-7006-43eb-94dc-f87da0c4f1b9,aberrance.place,available,22.49,22.49,medium,low,9,namesilo,,,16/09/2026 15:12
361dd8f8-ba83-4aae-b8f4-c93f537d3643,astral.place,available,,,high,low,6,,,,
b8b26d93-bd19-4c69-b436-f8007c2df047,fuss.place,available,22.49,22.49,high,low,4,namesilo,,,17/09/2026 09:21
0153b170-a30c-4e3a-b496-0f929e7df5b6,caption.place,available,22.49,22.49,high,low,7,namesilo,,,24/09/2026 12:41
fb158612-85d1-43b9-878f-99a5db9a3733,salts.place,available,22.49,22.49,medium,low,5,namesilo,,,20/09/2026 01:25
f2afab1c-23ae-446c-a216-c2b57c88a4ad,prenuptial.place,available,22.49,22.49,high,low,10,namesilo,,,22/09/2026 06:05
a94fa824-485c-4156-a515-851eb50ee796,chirpy.place,available,22.49,22.49,high,low,6,namesilo,,,12/08/2026 06:03
775fccb5-81ac-4b93-af9c-80ff68a1259c,assail.place,available,22.49,22.49,medium,low,6,namesilo,,,20/09/2026 15:49
2c039880-95a8-4cb5-86ba-049692e6f8ce,veined.place,available,22.49,22.49,medium,low,6,namesilo,,,13/09/2026 01:53
e09f5c09-2b3f-4667-a144-2f2edc98416b,however.place,available,22.49,22.49,high,low,7,namesilo,,,
82c58a91-a30e-4335-823d-e0eea537aa95,seminal.place,available,22.49,22.49,high,low,7,namesilo,,,18/08/2026 22:51
4e50d14b-6203-4221-9e07-c5adba9981aa,pompon.place,available,22.49,22.49,medium,low,6,namesilo,,,19/09/2026 09:36
ce5766b9-6c60-4bbc-b5bd-5290025057bf,buckshot.place,available,22.98,30.98,high,low,8,namecheap,,,23/09/2026 20:24
e63144d8-568f-439c-ba7d-483f8f5ba746,arcturus.place,available,22.49,22.49,medium,low,8,namesilo,,,20/09/2026 03:01
0625f255-906a-480a-9fcc-45af83f09a35,dashingly.place,available,22.49,22.49,medium,low,9,namesilo,,,14/09/2026 10:41
e5e57445-ae2f-490f-b978-668abd9befb9,balmy.place,available,22.49,22.49,high,low,5,namesilo,,,22/09/2026 08:11
40ed1486-897b-4f53-895f-680c9c5ce212,beck.place,available,22.98,30.98,high,low,4,namecheap,,,22/09/2026 22:35
deee5f59-c641-417a-b103-b72434d2abd7,playfully.place,available,22.98,30.98,high,low,9,namecheap,,,15/09/2026 20:25
44749217-24fe-4c3b-9c62-00e697915614,believe.place,available,25.99,,high,low,7,name.com,,,
5d194eb3-bd96-4f77-af93-619a52ff988e,clinical.place,available,22.49,22.49,high,low,8,namesilo,,,25/09/2026 04:52
a48e6bde-9246-4d52-acd1-e4e56415a5cf,asphodelus.place,available,22.98,30.98,medium,low,10,namecheap,,,20/09/2026 15:09
f41d27ea-15a9-47a4-8029-cb38066d92f8,relieve.place,available,22.49,22.49,high,low,7,namesilo,,,17/08/2026 17:04
9df61f03-d0a5-4779-81e0-e1ff9047f2e8,westbound.place,available,22.49,22.49,high,low,9,namesilo,,,13/09/2026 10:51
a8836142-cde0-46f1-890e-ac81a12b77f1,manage.place,premium,78.54,78.54,high,medium,6,namesilo,,,23/09/2026 08:43
cfca8879-2919-4cb6-a169-3592238d3d8c,ionised.place,available,22.49,22.49,medium,low,7,namesilo,,,22/08/2026 09:33
6f4f9242-e540-4445-a539-ffb906e3a127,whap.place,available,22.49,22.49,medium,low,4,namesilo,,,22/09/2026 10:30
63feff9a-61a0-4370-8b18-c76976c5da70,albuca.place,available,22.98,30.98,medium,low,6,namecheap,,,18/09/2026 03:19
9eec670d-3f8d-4f14-be4a-4b20c9c81e48,certificate.place,available,22.49,22.49,high,low,11,namesilo,,,
85aeaadf-d9b4-4df0-8fd8-c796a25bc615,bigarade.place,available,22.49,22.49,medium,low,8,namesilo,,,23/09/2026 15:03
c3188a26-6911-4cfd-bcb3-7da0a77749b0,baum.place,available,25.99,27.99,high,low,4,name.com,,,22/09/2026 16:38
a0d9d956-9340-4e49-872e-0daec4645021,lick.place,available,22.49,22.49,high,low,4,namesilo,,,
eddb671b-fd02-4b13-ad68-830e809598cf,septuple.place,available,22.49,22.49,medium,low,8,namesilo,,,10/09/2026 04:23
2f35e5d7-3096-4cc1-bde1-8db84eb761ac,neaten.place,available,22.49,22.49,high,low,6,namesilo,,,11/09/2026 15:42
48fbfb3c-8f01-4392-9b37-cd57a886f4b7,willie.place,available,22.98,30.98,high,low,6,namecheap,,,25/09/2026 11:47
12bfe0d9-0567-45ae-9e5c-e2e5fb807d13,cdc.place,available,22.49,22.49,high,low,3,namesilo,,,25/09/2026 22:11
918b9751-d44c-4f1a-aa99-facf1f2cefb3,nervy.place,available,22.49,22.49,medium,low,5,namesilo,,,11/08/2026 02:28
7b6fca6a-899a-4717-9dc6-309c5a9b7ebc,cypher.place,available,22.49,22.49,high,medium,6,namesilo,,,
6040499b-334d-4151-b5d7-84fa951990ec,butcher.place,available,22.49,22.49,high,low,7,namesilo,,,
174c9ecf-f58c-472c-86ce-88a0a0c63494,uneventful.place,available,22.49,22.49,high,low,10,namesilo,,,12/09/2026 09:21
072cf130-eadc-46c4-83c0-29869db4698b,robotics.place,resell,,,high,low,8,Dynadot Inc,29/07/2026 17:00,29/07/2027 17:00,26/09/2026 08:42
c14ac8e8-030e-428e-8d21-d5eecb71d9d8,apathy.place,available,22.49,22.49,medium,low,6,namesilo,,,19/09/2026 16:17
f3907f3a-ded6-47d1-ac76-28f4e04c0aea,absolution.place,available,22.98,30.98,high,low,10,namecheap,,,16/09/2026 17:57
90bae2ce-ae0f-4d5b-a10d-1ae822fff9a4,coincident.place,available,22.49,22.49,medium,low,10,namesilo,,,12/08/2026 13:18
68ca580e-897f-43bd-bed8-9a37fc9b48d3,despite.place,available,22.49,22.49,high,low,7,namesilo,,,
a6ffe32e-72a8-431b-b1e2-74a71733b9c8,neutered.place,available,22.49,22.49,medium,low,8,namesilo,,,03/09/2026 16:35
fd62a7b6-5144-40dd-9071-b8635d0ec029,validated.place,available,22.49,22.49,high,low,9,namesilo,,,13/09/2026 00:59
594439b4-b093-4093-9c92-c09cda6b1125,antiacid.place,available,22.49,22.49,high,low,8,namesilo,,,22/09/2026 05:47
035365c3-9a76-4065-8673-85ae4bdb36a2,tacking.place,available,22.49,22.49,medium,low,7,namesilo,,,22/09/2026 12:46
009da0df-0891-407f-8775-070b950604f0,twofold.place,available,22.49,22.49,medium,low,7,namesilo,,,14/08/2026 16:39
6de7cde9-b188-454c-928d-c466d326c17c,agree.place,available,22.49,22.49,high,low,5,namesilo,,,
5434a0a5-1817-4aed-aefb-60e184db7d7a,affectionate.place,available,25.99,,high,low,12,name.com,,,
3e969769-95d5-4667-a203-f2e24c4703f7,thereafter.place,available,22.49,22.49,high,low,10,namesilo,,,16/09/2026 08:38
ef18bc74-0825-4155-b2db-9527c5a80dcc,throng.place,available,22.49,22.49,high,low,6,namesilo,,,24/09/2026 17:08
d20cf29a-056a-49c6-a889-31e1d7d7e6a6,virulent.place,available,22.49,22.49,medium,low,8,namesilo,,,
5f07aea6-07e0-4468-bd2e-aa6349c7887b,soundable.place,available,22.49,22.49,medium,low,9,namesilo,,,17/08/2026 23:44
3353220b-78b1-4435-85b8-5cfce83584ca,unpressed.place,available,22.49,22.49,medium,low,9,namesilo,,,12/09/2026 17:24
9d66a734-98ef-4995-8ec0-f669b13e085b,parked.place,premium,13,26,high,low,6,namecheap,,,08/09/2026 01:36
61594f3b-91c1-4b4e-ba8f-b35c3aa2f200,phial.place,available,22.49,22.49,medium,low,5,namesilo,,,18/09/2026 23:47
0038a6ed-568f-4c7a-9389-ebeb76e865e9,rotted.place,available,22.98,30.98,medium,low,6,namecheap,,,13/08/2026 21:01
8a923838-efdd-4426-a013-3f8cc329372e,unfeigned.place,available,22.49,22.49,medium,low,9,namesilo,,,12/09/2026 10:06
dec264c1-6f22-45ae-a655-35ce2a74aab1,attitude.place,available,22.49,22.49,high,low,8,namesilo,,,
d822b84f-cbe2-4bf1-9470-bef22fd84402,adjustment.place,available,22.49,22.49,high,low,10,namesilo,,,18/08/2026 05:52
7575879f-2020-43bc-b42d-2b5cfedf6fdc,lutheran.place,available,22.49,22.49,high,low,8,namesilo,,,24/08/2026 12:23
bb394bff-8675-410e-ad09-20279ae44b14,slavelike.place,available,22.49,22.49,medium,low,9,namesilo,,,10/09/2026 10:32
398e6f1f-4ff6-465c-b40f-a0fdfba8ce90,chicks.place,available,22.49,22.49,high,low,6,namesilo,,,20/09/2026 03:49
52920725-1f2f-4cd4-832f-387db6a79d48,fogy.place,available,22.49,22.49,medium,low,4,namesilo,,,18/08/2026 13:08
eec2acf4-24b5-4915-bb4a-8afb067e8ee5,philia.place,available,22.49,22.49,high,low,6,namesilo,,,17/09/2026 14:21
2517862a-bc9c-4a6c-821f-6effb8ba68b4,decade.place,available,22.49,22.49,high,low,6,namesilo,,,21/09/2026 10:56
f21290af-84e9-4cd3-9782-9e68744be77e,canned.place,available,22.49,22.49,high,low,6,namesilo,,,11/08/2026 17:10
c522da3c-e6fa-4c62-92de-76e868cf4732,payable.place,available,22.49,22.49,high,low,7,namesilo,,,12/08/2026 16:58
f181e2bd-fcb1-406d-a22c-d17d3004dffe,algonquin.place,available,22.49,22.49,high,low,9,namesilo,,,
7b37aab9-acc8-430e-82d1-3b7febe48d59,dialectic.place,available,22.49,22.49,high,low,9,namesilo,,,14/08/2026 05:50
e925a498-2162-4e8c-978c-a91aab6e7414,kauri.place,available,22.49,22.49,medium,low,5,namesilo,,,17/09/2026 16:32
7ceb7875-7610-4214-9d9b-95ecc94e1edc,environmentally.place,available,22.49,22.49,medium,low,15,namesilo,,,
78ffacb0-edaf-4ac8-92ed-57c49c2bc14d,stood.place,available,22.49,22.49,medium,low,5,namesilo,,,
2d69a958-7d37-4469-a110-e00d3584db4e,admired.place,available,22.98,30.98,high,low,7,namecheap,,,21/09/2026 18:53
1b2f00fa-6c3b-41a9-b789-0dd0954384fd,indulgence.place,available,22.49,22.49,high,low,10,namesilo,,,05/09/2026 00:24
fbf85491-dfb6-435f-9490-34f400483607,amyl.place,available,22.49,22.49,medium,low,4,namesilo,,,19/09/2026 00:29
c1069fc9-7a2f-4b7e-a182-eec48b9130ff,dyslexic.place,available,22.49,22.49,medium,low,8,namesilo,,,14/08/2026 22:03
0df61ac7-6a14-417b-9594-eb252400e32e,snapped.place,available,22.98,30.98,medium,low,7,namecheap,,,18/09/2026 06:52
1a25f628-1fa5-481b-a484-283bdd5ba594,disjoined.place,available,22.49,22.49,medium,low,9,namesilo,,,14/08/2026 11:07
1842edcb-432c-4117-8f51-effa82768fda,lawrencium.place,available,22.49,22.49,medium,low,10,namesilo,,,20/09/2026 22:00
dc0997c7-d3a5-4a30-be45-08a8dc4b7718,fragrant.place,available,22.49,22.49,high,low,8,namesilo,,,18/08/2026 14:03
952e3e9d-f224-4853-bc02-926ddec35912,risen.place,available,25.99,,high,low,5,name.com,,,
466ae5e1-c43f-441d-b809-72063df8ec06,condom.place,available,22.49,22.49,high,low,6,namesilo,,,
a838bf6c-439a-477d-be52-529a55931d27,russian.place,premium,14,28,high,low,7,namecheap,,,
eb326fc3-e6b7-41c3-8737-f42eee41948a,legal.place,resell,,,high,medium,5,"Global Domains International, Inc. DBA DomainCostClub.com",24/09/2025 15:15,24/09/2027 15:15,26/09/2026 07:11
303050f5-2834-4f04-92a0-f661ced8235f,forensic.place,available,22.49,22.49,high,low,8,namesilo,,,08/09/2026 15:50
bb4953f7-9a6b-4e57-9cc1-68077a9b2c3b,boreas.place,available,22.98,30.98,high,low,6,namecheap,,,03/09/2026 21:36
0d1b9c53-a98d-44ea-8eed-575ea80bbdba,perky.place,available,22.49,22.49,high,low,5,namesilo,,,08/09/2026 17:33
f016682a-de86-4e51-a4fc-35313792c68c,equable.place,available,22.49,22.49,high,low,7,namesilo,,,17/08/2026 11:33
c54affcd-41f1-49c1-9675-83236f003ddc,debt.place,available,,,high,low,4,,,,
ceced2d5-321a-4a01-9f30-07d1864f1aa1,mistakes.place,available,22.49,22.49,medium,low,8,namesilo,,,16/09/2026 10:20
9a6fab3a-dca8-4166-a9d9-8394c5f7b175,mexican.place,premium,82.5,82.5,high,low,7,name.com,,,25/09/2026 20:01
8d7e2cf0-aee4-4445-a19b-6643c5ad16ef,sorcerous.place,available,22.49,22.49,medium,low,9,namesilo,,,24/08/2026 13:00
b73dfe40-2185-4f6a-bba5-9ea26bccc530,enabling.place,available,22.98,30.98,high,low,8,namecheap,,,16/08/2026 21:07
d4592f4f-a9df-4e63-b87b-7e68f7570822,rein.place,available,22.49,22.49,high,low,4,namesilo,,,
4116a599-d5d4-4100-b828-19870854ae76,hydroxy.place,available,22.49,22.49,medium,low,7,namesilo,,,21/08/2026 16:25
ab635bc2-d3b3-4242-801d-af3591736fd5,zaftig.place,available,22.49,22.49,medium,low,6,namesilo,,,13/09/2026 14:56
08ed480c-e796-4786-a476-d274ee45f731,aslant.place,available,22.49,22.49,medium,low,6,namesilo,,,07/08/2026 03:56
6fa7f10f-c22e-4dcd-9c79-749fb407bf35,unearthly.place,available,22.49,22.49,medium,low,9,namesilo,,,16/08/2026 02:28
fc6e5536-af66-44a2-9c4c-c801c35b3050,prox.place,available,22.49,22.49,high,low,4,namesilo,,,09/09/2026 04:42
5d209f38-a832-4d55-a42a-61506e8ac06c,susan.place,available,22.49,22.49,high,low,5,namesilo,,,
35d0066a-d489-4bf1-89c3-ac36d82011b2,albers.place,available,22.49,22.49,high,low,6,namesilo,,,18/09/2026 02:34
9ba5d344-960f-41b7-b514-836604396620,wrap.place,available,22.49,22.49,high,low,4,namesilo,,,26/09/2026 00:32
ede0232a-c503-40ad-a38c-f280d01f4439,baize.place,available,22.98,30.98,medium,low,5,namecheap,,,21/09/2026 19:59
87e167fc-534b-49ce-881b-5b194c80842e,leukemia.place,available,22.49,22.49,high,low,8,namesilo,,,24/09/2026 11:59
6420d54c-646d-4a63-94b5-a5be10acc35b,balthasar.place,available,22.49,22.49,high,low,9,namesilo,,,22/09/2026 00:15
c39d6bbd-63d3-4bbc-94fc-5c7a59aff855,lxiii.place,available,22.49,22.49,medium,low,5,namesilo,,,
4ce76d52-c476-456c-b850-cb97218f6851,beggar.place,available,22.49,22.49,high,low,6,namesilo,,,23/09/2026 02:08
beaf6d06-c152-4a50-bedb-445d76d5cc50,evrything.place,available,22.49,22.49,medium,low,9,namesilo,,,
c91fd970-d583-41ce-ac30-176177260621,cxxv.place,available,22.49,22.49,medium,low,4,namesilo,,,
7aa8471e-2e03-4a03-9e2e-7f63250a41bf,lossy.place,available,22.49,22.49,medium,low,5,namesilo,,,24/08/2026 09:58
41b9dc33-00f7-4155-a258-e9c9e7fa5360,conduction.place,available,22.49,22.49,high,low,10,namesilo,,,
7d81f25b-fb9b-47c0-8123-b32e8a428585,austral.place,available,22.49,22.49,medium,low,7,namesilo,,,07/08/2026 18:26
a073c76e-3546-40e1-acf5-0f780ef876de,brainsick.place,available,22.49,22.49,low,low,9,namesilo,,,11/08/2026 01:45
a5d13fe8-c5ac-495a-995b-6b1e146fcbc5,organise.place,available,22.98,30.98,high,low,8,namecheap,,,23/09/2026 23:21
7237d6e8-bb60-4162-9a48-6023aa87bfdf,agrostemma.place,available,22.98,30.98,medium,low,10,namecheap,,,17/09/2026 19:51
733ec730-3a1f-4367-b005-e7b6d227b6e8,optically.place,available,22.98,30.98,medium,low,9,namecheap,,,15/09/2026 18:03
7f16a836-fe02-4064-a490-e9a3c234fd95,whale.place,available,22.49,22.49,high,low,5,namesilo,,,
ff12701c-4c91-400f-8711-6a3a74004221,rhodium.place,available,22.49,22.49,high,low,7,namesilo,,,20/09/2026 23:08
5662b8d1-a06e-4e17-bed2-d4f2b62dfd2e,rushed.place,available,25.99,,high,low,6,name.com,,,
d00668ae-a1bd-45d8-939f-faf6dbdb7771,pixilated.place,available,22.49,22.49,low,low,9,namesilo,,,09/08/2026 15:41
3fa4df7c-eb17-4368-8f7a-ebc9ce5e87a1,naval.place,available,22.49,22.49,high,low,5,namesilo,,,03/09/2026 14:07
321a9df3-313c-424f-9de7-adc57b4127c8,cleric.place,available,22.49,22.49,high,low,6,namesilo,,,14/08/2026 23:27
7c89b0e7-72d5-4b6c-9b9f-ae1ad936c3a3,tears.place,available,22.98,30.98,high,low,5,namecheap,,,24/09/2026 02:29
10904959-d881-47ac-b9e2-25249bcbec68,psalms.place,available,22.49,22.49,high,low,6,namesilo,,,24/09/2026 07:04
839eb4d0-72e1-4290-a86b-ac43cd329269,repository.place,available,22.49,22.49,high,low,10,namesilo,,,24/09/2026 21:59
eeb3a5a2-4de2-4d05-b73e-d6c0d135405c,companies.place,available,22.98,30.98,high,low,9,namecheap,,,23/09/2026 07:33
f82f0b82-b938-4f30-86af-3dd13479b525,monied.place,available,22.49,22.49,high,low,6,namesilo,,,25/08/2026 04:39
595d3d2e-7d05-40c0-82ad-326167e164b6,blissful.place,available,22.49,22.49,high,low,8,namesilo,,,10/08/2026 14:33
af125086-fd05-42e9-be48-d9b141e40709,warming.place,available,22.49,22.49,high,low,7,namesilo,,,11/08/2026 14:09
74d36ca3-c862-478d-b278-f7c1a4cc5cff,unstaged.place,available,22.98,30.98,medium,low,8,namecheap,,,12/09/2026 20:29
46b509fe-f990-40be-8fb7-f4e5ac72de9a,hoarding.place,available,22.49,22.49,high,low,8,namesilo,,,23/09/2026 16:09
e1cc26b5-696a-4481-9d5c-ff000856cf4b,balalaika.place,available,22.98,30.98,medium,low,9,namecheap,,,21/09/2026 20:48
38035722-8b3f-46f7-b231-84d3597c958d,imagination.place,premium,14,28,high,low,11,namecheap,,,
ee50b737-4829-4590-ab78-99c357566026,trumpcare.place,available,22.49,22.49,medium,low,10,namesilo,,,
921cc02a-796f-45ab-a235-2b5059e671cd,balder.place,available,22.98,30.98,medium,low,6,namecheap,,,21/09/2026 21:33
dd428e94-1ac0-4017-81a2-1f058bece5dc,blackjack.place,available,22.49,22.49,high,low,9,namesilo,,,24/09/2026 00:44
6b2dc60f-d1f4-4f71-bb7e-5c272a2a809b,qat.place,premium,78.54,78.54,medium,low,3,namesilo,,,17/09/2026 15:24
03f20fd2-d5d1-4652-aaa0-844b9333f136,piggyback.place,available,22.49,22.49,high,low,9,namesilo,,,15/09/2026 19:45
46e2b24b-9056-4791-9e6e-b137e8811560,basseterre.place,available,22.49,22.49,medium,low,10,namesilo,,,22/09/2026 12:18
576b0f48-3976-4764-a666-a515439b30dc,northwest.place,available,22.49,22.49,high,low,9,namesilo,,,03/09/2026 21:41
a9332b42-9917-49c3-903c-114a7b5b61e0,zymoid.place,available,22.49,22.49,medium,low,6,namesilo,,,13/09/2026 15:55
7ad8f002-a5b1-4ab2-bf2a-8d27d65f3fb0,snoopy.place,available,22.49,22.49,medium,low,6,namesilo,,,03/09/2026 21:54
e5772ecb-bb02-4752-91f8-18fb6e826bd2,shivaree.place,available,22.49,22.49,high,low,8,namesilo,,,23/09/2026 06:07
f8a4e2bf-4fbd-41ca-84a4-5b418747f218,briss.place,available,22.49,22.49,medium,low,5,namesilo,,,23/09/2026 09:30
4ebfe3f6-55db-4709-819b-d366efba2f30,crying.place,available,22.49,22.49,high,low,6,namesilo,,,24/09/2026 02:20
d83876c6-9a11-4928-98d9-6abb6f0c4223,flexible.place,available,22.98,30.98,high,low,8,namecheap,,,23/09/2026 18:12
197f0047-e3ad-44b0-807c-0f74e7929f1d,sioux.place,available,22.49,22.49,high,low,5,namesilo,,,10/09/2026 08:46
1e22176c-9c92-4382-9f43-8b5329cf0b33,barbecued.place,available,22.49,22.49,medium,low,9,namesilo,,,08/08/2026 16:25
3b29848c-c045-4ecc-925d-d95f89377d3c,lavishly.place,available,22.49,22.49,medium,low,8,namesilo,,,15/09/2026 11:03
9f615dc2-8be5-4952-841c-e734abec938e,zhang.place,available,22.49,22.49,high,low,5,namesilo,,,25/09/2026 15:58
999d034b-044b-4d91-973a-388e8356fd30,cognizance.place,available,22.49,22.49,high,low,10,namesilo,,,21/09/2026 09:59
d461f158-abc8-4eb9-9360-470fe710ef64,seasick.place,available,22.98,30.98,medium,low,7,namecheap,,,
c8dc7b11-2398-4624-aaa0-5cfcd5cc3cb2,eta.place,premium,78.54,78.54,high,low,3,namesilo,,,22/09/2026 11:43
356ffdcc-cedd-402e-ae5d-43a156582886,told.place,available,22.49,22.49,medium,low,4,namesilo,,,
c956cc86-9a83-4d5d-9d59-f0ed45cf1ac9,tin.place,premium,46.2,92.4,high,low,3,namecheap,,,
959efa0f-e332-43ec-ac5f-f87901ebf675,aga.place,available,22.49,22.49,high,low,3,namesilo,,,17/09/2026 15:58
5e00013a-1a19-416a-b051-823525b8cdb8,cloze.place,available,22.49,22.49,medium,low,5,namesilo,,,12/08/2026 12:54
fd164a4a-13ae-4979-a59f-b22978b5a481,bespoken.place,available,22.49,22.49,medium,low,8,namesilo,,,09/08/2026 17:31
ca766035-c3d0-4959-a5b0-83e8bf89e9c9,henrietta.place,available,22.98,30.98,high,low,9,namecheap,,,25/09/2026 17:42
1a8a842b-f187-4ccc-a5b3-69ce6af14b8a,chechen.place,available,22.49,22.49,high,low,7,namesilo,,,12/08/2026 03:34
80d8c7ac-98f6-4eef-ba00-a5d5ac655e0e,exogenic.place,available,22.49,22.49,medium,low,8,namesilo,,,17/08/2026 17:34
d58fdb8e-7125-4c3a-a3ff-ca8bd3377975,abjurer.place,available,22.49,22.49,medium,low,7,namesilo,,,16/09/2026 16:02
09c26b67-5502-44f1-8e0f-ecf2dadb8dc0,barite.place,available,22.49,22.49,medium,low,6,namesilo,,,22/09/2026 06:13
9b1df0dc-a42c-4fd9-a564-760db714c32e,adps.place,available,22.49,22.49,medium,low,4,namesilo,,,17/09/2026 09:53